dependency_id,upstream_shipment_id,downstream_shipment_id,upstream_location_id,downstream_location_id,dependency_type,planned_dependency_time,actual_dependency_time,dependency_delay_minutes,dependency_status,cascade_id
DEP-000001,SHP-11910,SHP-06422,LOC-DEL-02,LOC-DEL-02,Cross-Dock Transfer,2026-08-25 22:54:00,2026-08-26 01:19:00,16,Delayed - Propagated,CAS-0001
DEP-000002,SHP-00292,SHP-01663,LOC-BOM-02,LOC-BOM-02,Cross-Dock Transfer,2026-08-22 22:40:00,2026-08-23 00:34:00,16,Delayed - Propagated,CAS-0002
DEP-000003,SHP-04724,SHP-12985,LOC-IDR-01,LOC-IDR-01,Waiting for Inbound Shipment,2026-08-20 11:33:00,2026-08-20 14:56:00,162,Delayed - Propagated,CAS-0003
DEP-000004,SHP-12985,SHP-04330,LOC-CJB-01,LOC-CJB-01,Warehouse Transfer,2026-08-21 20:54:00,2026-08-21 23:31:00,96,Delayed - Propagated,CAS-0003
DEP-000005,SHP-06805,SHP-03399,LOC-AMD-01,LOC-AMD-01,Shared Warehouse Capacity,2026-08-18 07:09:00,2026-08-18 11:15:00,130,Delayed - Propagated,CAS-0004
DEP-000006,SHP-06805,SHP-11530,LOC-AMD-01,LOC-AMD-01,Shared Warehouse Capacity,2026-08-18 07:09:00,2026-08-18 11:15:00,127,Delayed - Propagated,CAS-0004
DEP-000007,SHP-06805,SHP-12693,LOC-AMD-01,LOC-AMD-01,Shared Warehouse Capacity,2026-08-18 07:09:00,2026-08-18 11:15:00,89,Delayed - Propagated,CAS-0004
DEP-000008,SHP-06805,SHP-08402,LOC-AMD-01,LOC-AMD-01,Shared Warehouse Capacity,2026-08-18 07:09:00,2026-08-18 11:15:00,109,Delayed - Propagated,CAS-0004
DEP-000009,SHP-00799,SHP-08425,LOC-MAA-02,LOC-MAA-02,Route Connection,2026-08-09 05:31:00,2026-08-09 08:51:00,20,Delayed - Propagated,CAS-0005
DEP-000010,SHP-03377,SHP-09999,LOC-STV-01,LOC-STV-01,Shared Vehicle,2026-08-08 16:44:00,2026-08-08 19:40:00,79,Delayed - Propagated,CAS-0006
DEP-000011,SHP-06393,SHP-10360,LOC-IDR-01,LOC-IDR-01,Waiting for Inbound Shipment,2026-08-17 11:27:00,2026-08-17 13:25:00,91,Delayed - Propagated,CAS-0007
DEP-000012,SHP-10360,SHP-02997,LOC-HYD-01,LOC-HYD-01,Warehouse Transfer,2026-08-18 05:32:00,2026-08-18 06:59:00,46,Delayed - Propagated,CAS-0007
DEP-000013,SHP-02686,SHP-12169,LOC-HYD-01,LOC-HYD-01,Route Connection,2026-08-20 10:43:00,2026-08-20 12:11:00,30,Delayed - Propagated,CAS-0008
DEP-000014,SHP-09674,SHP-11939,LOC-JAI-02,LOC-JAI-02,Shared Warehouse Capacity,2026-08-09 14:16:00,2026-08-09 18:37:00,159,Delayed - Propagated,CAS-0009
DEP-000015,SHP-09674,SHP-09913,LOC-JAI-02,LOC-JAI-02,Shared Warehouse Capacity,2026-08-09 14:16:00,2026-08-09 18:37:00,192,Delayed - Propagated,CAS-0009
DEP-000016,SHP-09674,SHP-10559,LOC-JAI-02,LOC-JAI-02,Shared Warehouse Capacity,2026-08-09 14:16:00,2026-08-09 18:37:00,100,Delayed - Propagated,CAS-0009
DEP-000017,SHP-08660,SHP-06573,LOC-BLR-01,LOC-BLR-01,Waiting for Inbound Shipment,2026-08-22 01:43:00,2026-08-22 03:49:00,20,Delayed - Propagated,CAS-0010
DEP-000018,SHP-06573,SHP-12102,LOC-BOM-02,LOC-BOM-02,Warehouse Transfer,2026-08-23 02:07:00,2026-08-23 02:26:00,16,Delayed - Propagated,CAS-0010
DEP-000019,SHP-06857,SHP-08184,LOC-MAA-02,LOC-MAA-02,Waiting for Inbound Shipment,2026-08-23 09:03:00,2026-08-23 13:45:00,216,Delayed - Propagated,CAS-0011
DEP-000020,SHP-08184,SHP-00558,LOC-AMD-02,LOC-AMD-02,Warehouse Transfer,2026-08-25 02:02:00,2026-08-25 05:44:00,16,Delayed - Propagated,CAS-0011
DEP-000021,SHP-00871,SHP-03354,LOC-CCU-01,LOC-CCU-01,Waiting for Inbound Shipment,2026-08-08 05:42:00,2026-08-08 10:12:00,255,Delayed - Propagated,CAS-0012
DEP-000022,SHP-03354,SHP-04927,LOC-JAI-02,LOC-JAI-02,Warehouse Transfer,2026-08-10 01:27:00,2026-08-10 05:44:00,16,Delayed - Propagated,CAS-0012
DEP-000023,SHP-02434,SHP-13151,LOC-JAI-01,LOC-JAI-01,Shared Vehicle,2026-08-17 14:11:00,2026-08-17 17:05:00,169,Delayed - Propagated,CAS-0013
DEP-000024,SHP-01973,SHP-00491,LOC-AMD-01,LOC-AMD-01,Waiting for Inbound Shipment,2026-08-12 07:26:00,2026-08-12 08:54:00,32,Delayed - Propagated,CAS-0014
DEP-000025,SHP-00491,SHP-08230,LOC-STV-01,LOC-STV-01,Warehouse Transfer,2026-08-12 15:33:00,2026-08-12 16:03:00,16,Delayed - Propagated,CAS-0014
DEP-000026,SHP-06674,SHP-00112,LOC-AMD-01,LOC-AMD-01,Cross-Dock Transfer,2026-08-19 06:27:00,2026-08-19 09:34:00,112,Delayed - Propagated,CAS-0015
DEP-000027,SHP-06674,SHP-09961,LOC-AMD-01,LOC-AMD-01,Cross-Dock Transfer,2026-08-19 06:27:00,2026-08-19 09:34:00,89,Delayed - Propagated,CAS-0015
DEP-000028,SHP-06674,SHP-04986,LOC-AMD-01,LOC-AMD-01,Cross-Dock Transfer,2026-08-19 06:27:00,2026-08-19 09:34:00,84,Delayed - Propagated,CAS-0015
DEP-000029,SHP-05712,SHP-10078,LOC-AMD-01,LOC-AMD-01,Shared Warehouse Capacity,2026-08-09 23:30:00,2026-08-10 01:00:00,54,Delayed - Propagated,CAS-0016
DEP-000030,SHP-05712,SHP-04120,LOC-AMD-01,LOC-AMD-01,Shared Warehouse Capacity,2026-08-09 23:30:00,2026-08-10 01:00:00,48,Delayed - Propagated,CAS-0016
DEP-000031,SHP-05712,SHP-03945,LOC-AMD-01,LOC-AMD-01,Shared Warehouse Capacity,2026-08-09 23:30:00,2026-08-10 01:00:00,61,Delayed - Propagated,CAS-0016
DEP-000032,SHP-11913,SHP-08260,LOC-DEL-01,LOC-DEL-01,Route Connection,2026-08-24 14:49:00,2026-08-24 16:56:00,80,Delayed - Propagated,CAS-0017
DEP-000033,SHP-08260,SHP-05881,LOC-AMD-01,LOC-AMD-01,Warehouse Transfer,2026-08-25 11:46:00,2026-08-25 13:10:00,36,Delayed - Propagated,CAS-0017
DEP-000034,SHP-05881,SHP-09829,LOC-CCU-02,LOC-CCU-02,Route Connection,2026-08-27 06:01:00,2026-08-27 06:35:00,16,Delayed - Propagated,CAS-0017
DEP-000035,SHP-08260,SHP-10024,LOC-AMD-01,LOC-AMD-01,Warehouse Transfer,2026-08-25 11:46:00,2026-08-25 13:10:00,16,Delayed - Propagated,CAS-0017
DEP-000036,SHP-03490,SHP-08623,LOC-BOM-01,LOC-BOM-01,Shared Vehicle,2026-08-10 06:30:00,2026-08-10 08:15:00,33,Delayed - Propagated,CAS-0018
DEP-000037,SHP-05562,SHP-10126,LOC-BOM-02,LOC-BOM-02,Shared Warehouse Capacity,2026-08-10 13:57:00,2026-08-10 15:47:00,53,Delayed - Propagated,CAS-0019
DEP-000038,SHP-05562,SHP-11359,LOC-BOM-02,LOC-BOM-02,Shared Warehouse Capacity,2026-08-10 13:57:00,2026-08-10 15:47:00,80,Delayed - Propagated,CAS-0019
DEP-000039,SHP-02667,SHP-02658,LOC-IDR-01,LOC-IDR-01,Waiting for Inbound Shipment,2026-08-08 14:42:00,2026-08-08 16:29:00,20,Delayed - Propagated,CAS-0020
DEP-000040,SHP-02658,SHP-03566,LOC-BDQ-01,LOC-BDQ-01,Warehouse Transfer,2026-08-09 01:27:00,2026-08-09 01:45:00,16,Delayed - Propagated,CAS-0020
DEP-001471,SHP-00161,SHP-09999,LOC-STV-01,LOC-STV-01,Route Connection,2026-08-08 13:33:00,2026-08-08 13:57:00,0,Delayed - Absorbed,
DEP-001552,SHP-00063,SHP-08230,LOC-STV-01,LOC-STV-01,Route Connection,2026-08-12 13:00:00,2026-08-12 13:28:00,0,Delayed - Absorbed,
DEP-006192,SHP-00023,SHP-00091,LOC-NAG-01,LOC-NAG-01,Shared Vehicle Handover,2026-08-23 05:35:00,2026-08-23 05:48:00,0,Delayed - Absorbed,
DEP-008797,SHP-00105,SHP-00039,LOC-JAI-01,LOC-JAI-01,Cross-Dock Transfer,2026-08-10 10:14:00,2026-08-10 10:52:00,0,Delayed - Absorbed,
DEP-009245,SHP-00148,SHP-08660,LOC-JAI-01,LOC-JAI-01,Cross-Dock Transfer,2026-08-20 11:53:00,2026-08-20 13:43:00,0,Resolved On-Time,
