shipment_id,order_id,origin_location_id,destination_location_id,assigned_vehicle_id,priority,cargo_type,quantity,weight_kg,planned_departure,actual_departure,planned_arrival,actual_arrival,status,initial_delay_minutes,final_delay_minutes,delay_status,created_at,will_be_delayed,will_cascade,delivery_at_risk,root_cause_category,cascade_severity,cascade_level
SHP-00001,ORD-00001,LOC-PNQ-01,LOC-STV-01,VEH-1361,Standard,Pharmaceuticals,185,9085.2,2026-08-16 10:00:00,2026-08-16 10:00:00,2026-08-16 20:32:00,2026-08-16 20:32:00,Delivered,0,0,On-Time,2026-08-15 07:00:00,0,0,0,None,None,-1
SHP-00002,ORD-00002,LOC-BLR-02,LOC-DEL-02,VEH-1172,Critical,Industrial Equipment,42,1221.8,2026-08-03 10:00:00,2026-08-03 10:00:00,2026-08-05 03:20:00,2026-08-05 03:20:00,Delivered,0,0,On-Time,2026-07-31 01:00:00,0,0,1,None,None,-1
SHP-00003,ORD-00003,LOC-PNQ-01,LOC-BLR-02,VEH-1032,Standard,Perishables,61,3053.2,2026-08-14 06:00:00,2026-08-14 06:00:00,2026-08-15 04:44:00,2026-08-15 04:44:00,Delivered,0,0,On-Time,2026-08-11 00:00:00,0,0,0,None,None,-1
SHP-00004,ORD-00004,LOC-CCU-01,LOC-DEL-01,VEH-1441,Standard,Apparel,106,2765.5,2026-08-04 08:15:00,2026-08-04 08:15:00,2026-08-05 18:25:00,2026-08-05 18:25:00,Delivered,0,0,On-Time,2026-08-02 22:15:00,0,0,0,None,None,-1
SHP-00005,ORD-00005,LOC-MAA-01,LOC-LKO-02,VEH-1407,Express,Industrial Equipment,11,454.4,2026-08-15 12:15:00,2026-08-15 12:22:00,2026-08-17 04:41:00,2026-08-17 04:45:00,Delivered,7,4,On-Time,2026-08-12 09:15:00,0,0,0,None,None,-1
SHP-00006,ORD-00006,LOC-DEL-01,LOC-GUR-01,VEH-1447,Express,Perishables,134,6032.4,2026-08-02 06:15:00,2026-08-02 06:22:00,2026-08-02 08:06:00,2026-08-02 08:11:00,Delivered,7,5,On-Time,2026-07-30 22:15:00,0,0,0,None,None,-1
SHP-00007,ORD-00007,LOC-MAA-01,LOC-CCU-01,VEH-1098,Express,Industrial Equipment,174,2973.3,2026-08-08 12:45:00,2026-08-08 12:49:00,2026-08-10 00:41:00,2026-08-10 01:33:00,Delivered Late,4,52,Minor Delay,2026-08-07 09:45:00,1,0,1,Warehouse,Low,-1
SHP-00008,ORD-00008,LOC-CCU-01,LOC-NAG-01,VEH-1034,Express,Apparel,15,555.3,2026-08-01 12:15:00,2026-08-01 12:15:00,2026-08-02 13:21:00,2026-08-02 13:21:00,Delivered,0,0,On-Time,2026-07-29 04:15:00,0,0,0,None,None,-1
SHP-00009,ORD-00009,LOC-BOM-01,LOC-JAI-02,VEH-1247,Standard,Apparel,56,2203.9,2026-08-22 22:30:00,2026-08-22 22:30:00,2026-08-23 22:13:00,2026-08-23 22:13:00,Delivered,0,0,On-Time,2026-08-19 18:30:00,0,0,0,None,None,-1
SHP-00010,ORD-00010,LOC-BLR-03,LOC-MAA-01,VEH-1513,Express,Electronics,506,18736.4,2026-08-02 08:45:00,2026-08-02 09:25:00,2026-08-02 17:19:00,2026-08-02 18:07:00,Delivered Late,40,48,Minor Delay,2026-08-01 01:45:00,1,0,1,Transportation,Low,-1
SHP-00011,ORD-00011,LOC-HYD-01,LOC-MAA-02,VEH-1031,Standard,Automotive Parts,54,2362.0,2026-08-16 12:30:00,2026-08-16 12:30:00,2026-08-17 02:40:00,2026-08-17 02:40:00,Delivered,0,0,On-Time,2026-08-14 04:30:00,0,0,0,None,None,-1
SHP-00012,ORD-00012,LOC-HYD-01,LOC-GUR-01,VEH-1634,Express,Industrial Equipment,52,1567.7,2026-08-23 08:00:00,2026-08-23 08:00:00,2026-08-24 19:19:00,2026-08-24 19:19:00,Delivered,0,0,On-Time,2026-08-22 00:00:00,0,0,0,None,None,-1
SHP-00013,ORD-00013,LOC-BLR-01,LOC-JAI-01,VEH-1399,Standard,FMCG,550,11554.4,2026-08-03 06:30:00,2026-08-03 06:30:00,2026-08-05 06:57:00,2026-08-05 06:57:00,Delivered,0,0,On-Time,2026-08-01 00:30:00,0,0,0,None,None,-1
SHP-00014,ORD-00014,LOC-BOM-01,LOC-JAI-02,VEH-1345,Express,Perishables,159,7478.2,2026-08-14 08:00:00,2026-08-14 08:20:00,2026-08-15 11:30:00,2026-08-15 12:00:00,Delivered Late,20,30,Minor Delay,2026-08-11 22:00:00,1,0,0,Transportation,Critical,1
SHP-00015,ORD-00015,LOC-MAA-01,LOC-CJB-01,VEH-1007,Standard,Perishables,137,5346.5,2026-08-25 08:15:00,2026-08-25 12:35:00,2026-08-25 20:26:00,2026-08-26 00:56:00,Delivered Late,260,270,Severe Delay,2026-08-22 04:15:00,1,1,1,External,Critical,0
SHP-00016,ORD-00016,LOC-BLR-01,LOC-JAI-01,VEH-1309,Express,Automotive Parts,26,644.7,2026-08-03 10:45:00,2026-08-03 11:21:00,2026-08-05 02:25:00,2026-08-05 02:59:00,Delivered Late,36,34,Minor Delay,2026-08-01 04:45:00,1,0,1,Operational,Low,-1
SHP-00017,ORD-00017,LOC-BOM-01,LOC-PNQ-01,VEH-1253,Standard,Automotive Parts,159,7330.0,2026-08-20 12:45:00,2026-08-20 12:53:00,2026-08-20 16:38:00,2026-08-20 17:15:00,Delivered Late,8,37,Minor Delay,2026-08-19 06:45:00,1,0,0,Operational,Low,-1
SHP-00018,ORD-00018,LOC-HYD-01,LOC-BOM-02,VEH-1636,Express,Industrial Equipment,140,5045.3,2026-08-15 16:45:00,2026-08-15 16:45:00,2026-08-16 11:44:00,2026-08-16 11:44:00,Delivered,0,0,On-Time,2026-08-12 12:45:00,0,0,0,None,None,-1
SHP-00019,ORD-00019,LOC-AMD-01,LOC-BDQ-01,VEH-1182,Standard,Automotive Parts,256,8962.6,2026-08-10 20:15:00,2026-08-10 21:01:00,2026-08-11 00:44:00,2026-08-11 01:36:00,Delivered Late,46,52,Minor Delay,2026-08-08 14:15:00,1,0,0,Operational,Low,-1
SHP-00020,ORD-00020,LOC-AMD-01,LOC-PNQ-01,VEH-1578,Standard,Electronics,78,3838.7,2026-08-06 22:00:00,2026-08-06 22:00:00,2026-08-07 14:23:00,2026-08-07 14:23:00,Delivered,0,0,On-Time,2026-08-03 13:00:00,0,0,0,None,None,-1
SHP-00021,ORD-00021,LOC-IXC-01,LOC-STV-01,VEH-1299,Standard,Industrial Equipment,424,8069.6,2026-08-27 18:45:00,2026-08-27 18:45:00,2026-08-29 05:31:00,2026-08-29 05:31:00,Delivered,0,0,On-Time,2026-08-24 12:45:00,0,0,0,None,None,-1
SHP-00022,ORD-00022,LOC-BLR-01,LOC-BLR-03,VEH-1447,Standard,Perishables,67,3594.7,2026-08-16 18:45:00,2026-08-16 18:45:00,2026-08-16 21:25:00,2026-08-16 21:25:00,Delivered,0,0,On-Time,2026-08-15 11:45:00,0,0,0,None,None,-1
SHP-00023,ORD-00023,LOC-HYD-01,LOC-NAG-01,VEH-1088,Express,Apparel,107,3232.8,2026-08-22 16:15:00,2026-08-22 16:31:00,2026-08-23 05:35:00,2026-08-23 05:48:00,Delivered Late,16,13,On-Time,2026-08-19 14:15:00,0,0,0,Operational,Moderate,2
SHP-00024,ORD-00024,LOC-HYD-01,LOC-MAA-02,VEH-1441,Standard,Automotive Parts,53,1123.4,2026-08-09 12:15:00,2026-08-09 12:18:00,2026-08-10 02:19:00,2026-08-10 02:24:00,Delivered,3,5,On-Time,2026-08-07 04:15:00,0,0,0,None,None,-1
SHP-00025,ORD-00025,LOC-JAI-01,LOC-PNQ-01,VEH-1303,Critical,Electronics,39,793.1,2026-08-04 10:30:00,2026-08-04 12:30:00,2026-08-05 10:38:00,2026-08-05 12:46:00,Delivered Late,120,128,Moderate Delay,2026-08-02 01:30:00,1,1,1,Transportation,Major,1
SHP-00026,ORD-00026,LOC-IDR-01,LOC-BDQ-01,VEH-1488,Standard,Automotive Parts,10,473.1,2026-08-15 16:00:00,2026-08-15 16:16:00,2026-08-15 23:22:00,2026-08-15 23:38:00,Delivered Late,16,16,Minor Delay,2026-08-14 13:00:00,1,1,0,Warehouse,Major,2
SHP-00027,ORD-00027,LOC-MAA-01,LOC-BLR-01,VEH-1169,Standard,Electronics,727,21826.2,2026-08-17 10:15:00,2026-08-17 10:20:00,2026-08-17 20:53:00,2026-08-17 21:37:00,Delivered Late,5,44,Minor Delay,2026-08-14 02:15:00,1,0,0,Documentation,Low,-1
SHP-00028,ORD-00028,LOC-LKO-01,LOC-HYD-01,VEH-1195,Express,Perishables,78,4498.6,2026-08-14 18:00:00,2026-08-14 18:00:00,2026-08-16 01:54:00,2026-08-16 01:54:00,Delivered,0,0,On-Time,2026-08-11 13:00:00,0,0,0,None,None,-1
SHP-00029,ORD-00029,LOC-HYD-01,LOC-AMD-01,VEH-1220,Express,Electronics,64,3878.8,2026-08-26 08:00:00,2026-08-26 08:48:00,2026-08-27 10:52:00,2026-08-27 11:45:00,Delivered Late,48,53,Minor Delay,2026-08-23 04:00:00,1,0,1,Warehouse,Moderate,1
SHP-00030,ORD-00030,LOC-AMD-01,LOC-STV-01,VEH-1269,Standard,Electronics,380,17484.2,2026-08-17 16:45:00,2026-08-17 16:45:00,2026-08-18 01:24:00,2026-08-18 01:24:00,Delivered,0,0,On-Time,2026-08-15 13:45:00,0,0,0,None,None,-1
SHP-00031,ORD-00031,LOC-PNQ-01,LOC-CCU-02,VEH-1305,Standard,Pharmaceuticals,166,8655.2,2026-08-03 10:30:00,2026-08-03 10:30:00,2026-08-05 06:51:00,2026-08-05 06:51:00,Delivered,0,0,On-Time,2026-08-02 04:30:00,0,0,0,None,None,-1
SHP-00032,ORD-00032,LOC-MAA-01,LOC-BLR-03,VEH-1524,Express,Pharmaceuticals,33,1785.9,2026-08-05 18:45:00,2026-08-05 18:49:00,2026-08-06 02:25:00,2026-08-06 02:28:00,Delivered,4,3,On-Time,2026-08-03 08:45:00,0,0,0,None,None,-1
SHP-00033,ORD-00033,LOC-BLR-01,LOC-NAG-01,VEH-1502,Standard,Pharmaceuticals,426,11088.0,2026-08-11 20:00:00,2026-08-11 20:00:00,2026-08-13 01:29:00,2026-08-13 01:29:00,Delivered,0,0,On-Time,2026-08-09 18:00:00,0,0,0,None,None,-1
SHP-00034,ORD-00034,LOC-AMD-01,LOC-HYD-02,VEH-1626,Critical,Perishables,153,7063.7,2026-08-14 20:45:00,2026-08-14 20:45:00,2026-08-15 21:37:00,2026-08-15 21:37:00,Delivered,0,0,On-Time,2026-08-12 11:45:00,0,0,1,None,None,-1
SHP-00035,ORD-00035,LOC-DEL-01,LOC-HYD-01,VEH-1031,Critical,Industrial Equipment,31,1519.5,2026-08-10 10:45:00,2026-08-10 10:45:00,2026-08-11 20:42:00,2026-08-11 20:42:00,Delivered,0,0,On-Time,2026-08-07 01:45:00,0,0,1,None,None,-1
SHP-00036,ORD-00036,LOC-BOM-01,LOC-CCU-01,VEH-1275,Express,Electronics,202,7693.3,2026-08-18 06:45:00,2026-08-18 06:45:00,2026-08-20 06:39:00,2026-08-20 06:39:00,Delivered,0,0,On-Time,2026-08-16 22:45:00,0,0,0,None,None,-1
SHP-00037,ORD-00037,LOC-AMD-01,LOC-BOM-01,VEH-1034,Standard,Industrial Equipment,22,827.0,2026-08-28 08:45:00,2026-08-28 08:49:00,2026-08-28 20:29:00,2026-08-28 20:58:00,Delivered Late,4,29,Minor Delay,2026-08-27 03:45:00,1,0,0,Operational,Low,-1
SHP-00038,ORD-00038,LOC-MAA-01,LOC-CJB-01,VEH-1625,Express,FMCG,673,16848.9,2026-08-20 10:15:00,2026-08-20 10:47:00,2026-08-21 00:12:00,2026-08-21 00:40:00,Delivered Late,32,28,Minor Delay,2026-08-19 08:15:00,1,0,0,Transportation,Low,-1
SHP-00039,ORD-00039,LOC-JAI-01,LOC-LKO-02,VEH-1552,Standard,Apparel,151,9070.3,2026-08-10 14:30:00,2026-08-10 14:30:00,2026-08-11 08:59:00,2026-08-11 08:59:00,Delivered,0,0,On-Time,2026-08-07 11:30:00,0,0,0,None,None,-1
SHP-00040,ORD-00040,LOC-HYD-01,LOC-DEL-02,VEH-1130,Standard,Automotive Parts,313,7199.6,2026-08-08 10:30:00,2026-08-08 10:37:00,2026-08-09 22:00:00,2026-08-09 22:47:00,Delivered Late,7,47,Minor Delay,2026-08-07 02:30:00,1,0,0,Transportation,Low,-1
SHP-00041,ORD-00041,LOC-CCU-01,LOC-BLR-01,VEH-1447,Standard,Perishables,120,6634.0,2026-08-26 08:45:00,2026-08-26 09:18:00,2026-08-28 05:16:00,2026-08-28 05:54:00,Delivered Late,33,38,Minor Delay,2026-08-23 02:45:00,1,0,0,Operational,Low,-1
SHP-00042,ORD-00042,LOC-MAA-01,LOC-STV-01,VEH-1388,Standard,Perishables,383,7678.9,2026-08-24 20:30:00,2026-08-24 20:30:00,2026-08-26 06:17:00,2026-08-26 06:17:00,Delivered,0,0,On-Time,2026-08-23 10:30:00,0,0,0,None,None,-1
SHP-00043,ORD-00043,LOC-HYD-01,LOC-HYD-02,VEH-1507,Express,Pharmaceuticals,325,10748.0,2026-08-11 22:15:00,2026-08-11 22:22:00,2026-08-12 01:16:00,2026-08-12 02:02:00,Delivered Late,7,46,Minor Delay,2026-08-09 15:15:00,1,0,1,Operational,Low,-1
SHP-00044,ORD-00044,LOC-MAA-02,LOC-DEL-02,VEH-1102,Express,Electronics,22,1004.3,2026-08-01 08:15:00,2026-08-01 08:15:00,2026-08-03 02:05:00,2026-08-03 02:05:00,Delivered,0,0,On-Time,2026-07-30 06:15:00,0,0,0,None,None,-1
SHP-00045,ORD-00045,LOC-AMD-02,LOC-IXC-01,VEH-1136,Express,FMCG,296,10092.5,2026-08-06 14:00:00,2026-08-06 14:16:00,2026-08-07 20:04:00,2026-08-07 20:16:00,Delivered Late,16,12,On-Time,2026-08-04 08:00:00,0,0,0,Transportation,Major,1
SHP-00046,ORD-00046,LOC-BLR-01,LOC-DEL-02,VEH-1372,Standard,Perishables,304,8836.9,2026-08-14 08:00:00,2026-08-14 08:21:00,2026-08-16 12:05:00,2026-08-16 12:31:00,Delivered Late,21,26,Minor Delay,2026-08-12 23:00:00,1,0,0,Transportation,Major,1
SHP-00047,ORD-00047,LOC-AMD-01,LOC-IDR-01,VEH-1456,Standard,FMCG,43,2562.2,2026-08-11 08:45:00,2026-08-11 09:17:00,2026-08-11 20:17:00,2026-08-11 20:56:00,Delivered Late,32,39,Minor Delay,2026-08-09 23:45:00,1,0,0,Warehouse,Low,-1
SHP-00048,ORD-00048,LOC-HYD-01,LOC-GUR-01,VEH-1105,Standard,FMCG,12,478.7,2026-08-29 14:15:00,2026-08-29 14:15:00,2026-08-30 20:27:00,2026-08-30 20:27:00,Delivered,0,0,On-Time,2026-08-28 10:15:00,0,0,0,None,None,-1
SHP-00049,ORD-00049,LOC-DEL-01,LOC-CCU-02,VEH-1396,Critical,FMCG,20,1101.0,2026-08-24 10:45:00,2026-08-24 11:06:00,2026-08-25 19:59:00,2026-08-25 20:25:00,Delivered Late,21,26,Minor Delay,2026-08-21 01:45:00,1,0,1,Documentation,Low,-1
SHP-00050,ORD-00050,LOC-GUR-01,LOC-NOI-01,VEH-1127,Standard,Pharmaceuticals,413,16125.4,2026-08-12 18:30:00,2026-08-12 19:11:00,2026-08-12 21:28:00,2026-08-12 22:11:00,Delivered Late,41,43,Minor Delay,2026-08-11 13:30:00,1,0,0,Operational,Low,-1
SHP-00051,ORD-00051,LOC-BOM-01,LOC-LKO-01,VEH-1616,Express,Apparel,307,16300.1,2026-08-10 06:30:00,2026-08-10 06:30:00,2026-08-11 22:23:00,2026-08-11 22:23:00,Delivered,0,0,On-Time,2026-08-06 20:30:00,0,0,0,None,None,-1
SHP-00052,ORD-00052,LOC-HYD-01,LOC-BOM-01,VEH-1056,Standard,FMCG,90,2713.0,2026-08-16 18:00:00,2026-08-16 18:59:00,2026-08-17 11:59:00,2026-08-17 13:04:00,Delivered Late,59,65,Moderate Delay,2026-08-14 15:00:00,1,0,0,Warehouse,Critical,1
SHP-00053,ORD-00053,LOC-DEL-01,LOC-PNQ-01,VEH-1136,Standard,Automotive Parts,119,6110.2,2026-08-14 16:15:00,2026-08-14 16:15:00,2026-08-16 03:47:00,2026-08-16 03:47:00,Delivered,0,0,On-Time,2026-08-12 13:15:00,0,0,0,None,None,-1
SHP-00054,ORD-00054,LOC-BOM-01,LOC-DEL-01,VEH-1221,Express,Automotive Parts,23,415.0,2026-08-31 18:30:00,2026-08-31 18:30:00,2026-09-01 22:29:00,2026-09-01 22:29:00,Delivered,0,0,On-Time,2026-08-28 08:30:00,0,0,1,None,None,-1
SHP-00055,ORD-00055,LOC-AMD-02,LOC-BLR-03,VEH-1064,Standard,Perishables,166,8149.9,2026-08-20 10:30:00,2026-08-20 10:30:00,2026-08-22 01:56:00,2026-08-22 01:56:00,Delivered,0,0,On-Time,2026-08-18 07:30:00,0,0,0,None,None,-1
SHP-00056,ORD-00056,LOC-AMD-01,LOC-HYD-01,VEH-1550,Express,Pharmaceuticals,108,5627.1,2026-08-21 08:30:00,2026-08-21 09:53:00,2026-08-22 12:22:00,2026-08-22 13:40:00,Delivered Late,83,78,Moderate Delay,2026-08-19 03:30:00,1,0,1,Warehouse,Moderate,1
SHP-00057,ORD-00057,LOC-BOM-01,LOC-AMD-02,VEH-1624,Critical,Electronics,10,430.3,2026-08-24 10:00:00,2026-08-24 10:00:00,2026-08-24 20:53:00,2026-08-24 20:53:00,Delivered,0,0,On-Time,2026-08-21 06:00:00,0,0,1,None,None,-1
SHP-00058,ORD-00058,LOC-JAI-02,LOC-BDQ-01,VEH-1536,Standard,Automotive Parts,67,2087.9,2026-08-06 16:15:00,2026-08-06 16:15:00,2026-08-07 08:46:00,2026-08-07 08:46:00,Delivered,0,0,On-Time,2026-08-04 13:15:00,0,0,0,None,None,-1
SHP-00059,ORD-00059,LOC-DEL-01,LOC-BOM-02,VEH-1440,Standard,Industrial Equipment,34,648.3,2026-08-09 08:45:00,2026-08-09 09:30:00,2026-08-10 13:42:00,2026-08-10 14:35:00,Delivered Late,45,53,Minor Delay,2026-08-06 01:45:00,1,0,0,Warehouse,Low,-1
SHP-00060,ORD-00060,LOC-BLR-01,LOC-PNQ-01,VEH-1262,Standard,Pharmaceuticals,376,19203.3,2026-08-22 08:15:00,2026-08-22 09:35:00,2026-08-23 08:27:00,2026-08-23 09:54:00,Delivered Late,80,87,Moderate Delay,2026-08-19 06:15:00,1,0,1,Warehouse,Major,1
SHP-00061,ORD-00061,LOC-DEL-01,LOC-LKO-01,VEH-1393,Critical,Electronics,116,3032.9,2026-08-30 06:45:00,2026-08-30 06:45:00,2026-08-30 18:54:00,2026-08-30 18:54:00,Delivered,0,0,On-Time,2026-08-28 01:45:00,0,0,1,None,None,-1
SHP-00062,ORD-00062,LOC-MAA-01,LOC-LKO-02,VEH-1080,Standard,Industrial Equipment,100,2215.3,2026-08-17 06:15:00,2026-08-17 06:59:00,2026-08-18 23:29:00,2026-08-19 00:19:00,Delivered Late,44,50,Minor Delay,2026-08-14 04:15:00,1,0,0,Documentation,Low,-1
SHP-00063,ORD-00063,LOC-GUR-01,LOC-STV-01,VEH-1290,Express,Industrial Equipment,225,7682.6,2026-08-11 08:45:00,2026-08-11 09:05:00,2026-08-12 13:00:00,2026-08-12 13:28:00,Delivered Late,20,28,Minor Delay,2026-08-09 03:45:00,1,1,1,Documentation,Moderate,1
SHP-00064,ORD-00064,LOC-CCU-01,LOC-MAA-01,VEH-1249,Express,Apparel,107,5608.3,2026-08-16 12:15:00,2026-08-16 12:15:00,2026-08-18 03:22:00,2026-08-18 03:22:00,Delivered,0,0,On-Time,2026-08-15 04:15:00,0,0,0,None,None,-1
SHP-00065,ORD-00065,LOC-JAI-01,LOC-PNQ-01,VEH-1010,Express,FMCG,591,8871.6,2026-08-25 18:30:00,2026-08-25 18:30:00,2026-08-26 23:40:00,2026-08-26 23:40:00,Delivered,0,0,On-Time,2026-08-24 08:30:00,0,0,0,None,None,-1
SHP-00066,ORD-00066,LOC-AMD-02,LOC-BDQ-01,VEH-1146,Standard,Electronics,54,1090.2,2026-08-02 12:45:00,2026-08-02 12:45:00,2026-08-02 17:23:00,2026-08-02 17:23:00,Delivered,0,0,On-Time,2026-07-31 03:45:00,0,0,0,None,None,-1
SHP-00067,ORD-00067,LOC-GUR-01,LOC-CCU-01,VEH-1518,Express,Electronics,12,509.2,2026-08-03 06:45:00,2026-08-03 06:51:00,2026-08-04 17:22:00,2026-08-04 18:18:00,Delivered Late,6,56,Minor Delay,2026-08-02 01:45:00,1,0,1,Operational,Low,-1
SHP-00068,ORD-00068,LOC-MAA-01,LOC-HYD-01,VEH-1388,Critical,Perishables,173,5557.2,2026-08-08 08:15:00,2026-08-08 08:20:00,2026-08-08 23:01:00,2026-08-08 23:52:00,Delivered Late,5,51,Minor Delay,2026-08-05 05:15:00,1,0,1,Warehouse,Low,-1
SHP-00069,ORD-00069,LOC-BLR-01,LOC-STV-01,VEH-1384,Standard,Perishables,127,6268.4,2026-08-12 12:45:00,2026-08-12 12:45:00,2026-08-13 19:27:00,2026-08-13 19:27:00,Delivered,0,0,On-Time,2026-08-10 06:45:00,0,0,0,None,None,-1
SHP-00070,ORD-00070,LOC-GUR-01,LOC-JAI-02,VEH-1312,Standard,Industrial Equipment,47,2812.9,2026-08-20 06:15:00,2026-08-20 06:15:00,2026-08-20 13:41:00,2026-08-20 13:41:00,Delivered,0,0,On-Time,2026-08-18 02:15:00,0,0,0,None,None,-1
SHP-00071,ORD-00071,LOC-AMD-01,LOC-PNQ-01,VEH-1589,Critical,Perishables,99,3393.6,2026-08-09 10:00:00,2026-08-09 10:00:00,2026-08-10 01:20:00,2026-08-10 01:20:00,Delivered,0,0,On-Time,2026-08-07 01:00:00,0,0,1,None,None,-1
SHP-00072,ORD-00072,LOC-JAI-01,LOC-LKO-01,VEH-1474,Standard,Electronics,20,477.4,2026-08-04 06:00:00,2026-08-04 06:00:00,2026-08-04 20:53:00,2026-08-04 20:53:00,Delivered,0,0,On-Time,2026-08-03 02:00:00,0,0,0,None,None,-1
SHP-00073,ORD-00073,LOC-HYD-01,LOC-PNQ-01,VEH-1646,Express,FMCG,153,3073.6,2026-08-19 14:00:00,2026-08-19 14:34:00,2026-08-20 04:56:00,2026-08-20 05:37:00,Delivered Late,34,41,Minor Delay,2026-08-18 09:00:00,1,0,1,Operational,Low,-1
SHP-00074,ORD-00074,LOC-STV-01,LOC-HYD-01,VEH-1095,Standard,Pharmaceuticals,237,8564.0,2026-08-04 06:45:00,2026-08-04 06:45:00,2026-08-05 05:24:00,2026-08-05 05:24:00,Delivered,0,0,On-Time,2026-08-02 22:45:00,0,0,0,None,None,-1
SHP-00075,ORD-00075,LOC-AMD-01,LOC-BDQ-01,VEH-1392,Standard,Electronics,95,2477.1,2026-08-12 12:15:00,2026-08-12 12:15:00,2026-08-12 16:18:00,2026-08-12 16:18:00,Delivered,0,0,On-Time,2026-08-10 03:15:00,0,0,0,None,None,-1
SHP-00076,ORD-00076,LOC-DEL-02,LOC-CCU-02,VEH-1632,Express,Apparel,43,1451.4,2026-08-16 18:45:00,2026-08-16 18:45:00,2026-08-18 06:32:00,2026-08-18 06:32:00,Delivered,0,0,On-Time,2026-08-15 12:45:00,0,0,0,None,None,-1
SHP-00077,ORD-00077,LOC-HYD-01,LOC-IXC-01,VEH-1539,Standard,FMCG,29,1459.3,2026-08-26 06:45:00,2026-08-26 06:45:00,2026-08-28 02:14:00,2026-08-28 02:14:00,Delivered,0,0,On-Time,2026-08-22 23:45:00,0,0,0,None,None,-1
SHP-00078,ORD-00078,LOC-PNQ-01,LOC-CCU-01,VEH-1330,Standard,Apparel,196,5102.2,2026-08-01 16:15:00,2026-08-01 16:15:00,2026-08-03 14:45:00,2026-08-03 14:45:00,Delivered,0,0,On-Time,2026-07-30 14:15:00,0,0,0,None,None,-1
SHP-00079,ORD-00079,LOC-BDQ-01,LOC-IDR-01,VEH-1599,Standard,Automotive Parts,919,22993.4,2026-08-04 12:15:00,2026-08-04 12:35:00,2026-08-04 22:11:00,2026-08-04 22:27:00,Delivered Late,20,16,Minor Delay,2026-08-01 10:15:00,1,1,0,Warehouse,Major,1
SHP-00080,ORD-00080,LOC-LKO-01,LOC-CCU-01,VEH-1398,Standard,Industrial Equipment,28,731.6,2026-08-06 12:30:00,2026-08-06 12:30:00,2026-08-07 11:00:00,2026-08-07 11:00:00,Delivered,0,0,On-Time,2026-08-03 05:30:00,0,0,0,None,None,-1
SHP-00081,ORD-00081,LOC-DEL-01,LOC-BLR-03,VEH-1361,Standard,FMCG,433,22121.6,2026-08-05 12:45:00,2026-08-05 13:29:00,2026-08-07 22:58:00,2026-08-07 23:45:00,Delivered Late,44,47,Minor Delay,2026-08-03 08:45:00,1,0,0,Operational,Low,-1
SHP-00082,ORD-00082,LOC-BOM-01,LOC-DEL-02,VEH-1617,Standard,Pharmaceuticals,28,1388.1,2026-08-16 06:30:00,2026-08-16 06:30:00,2026-08-17 12:44:00,2026-08-17 12:44:00,Delivered,0,0,On-Time,2026-08-13 01:30:00,0,0,0,None,None,-1
SHP-00083,ORD-00083,LOC-BOM-02,LOC-BLR-03,VEH-1332,Critical,Pharmaceuticals,120,2899.0,2026-08-19 10:00:00,2026-08-19 10:16:00,2026-08-20 12:17:00,2026-08-20 12:34:00,Delivered Late,16,17,Minor Delay,2026-08-16 03:00:00,1,0,1,Warehouse,Critical,1
SHP-00084,ORD-00084,LOC-PNQ-01,LOC-BLR-03,VEH-1406,Standard,FMCG,446,16065.8,2026-08-10 16:15:00,2026-08-10 16:17:00,2026-08-11 19:06:00,2026-08-11 19:46:00,Delivered Late,2,40,Minor Delay,2026-08-07 08:15:00,1,0,0,Operational,Low,-1
SHP-00085,ORD-00085,LOC-BDQ-01,LOC-BLR-01,VEH-1273,Express,Automotive Parts,21,1085.7,2026-08-23 16:15:00,2026-08-23 16:35:00,2026-08-24 19:25:00,2026-08-24 19:53:00,Delivered Late,20,28,Minor Delay,2026-08-20 12:15:00,1,0,0,Transportation,Major,1
SHP-00086,ORD-00086,LOC-CCU-01,LOC-JAI-01,VEH-1002,Standard,Pharmaceuticals,208,10628.3,2026-08-13 06:15:00,2026-08-13 09:07:00,2026-08-14 21:11:00,2026-08-15 00:10:00,Delivered Late,172,179,Moderate Delay,2026-08-11 01:15:00,1,1,1,Warehouse,Major,0
SHP-00087,ORD-00087,LOC-BOM-01,LOC-BDQ-01,VEH-1340,Express,Pharmaceuticals,624,18734.5,2026-08-12 16:15:00,2026-08-12 16:15:00,2026-08-13 04:18:00,2026-08-13 04:18:00,Delivered,0,0,On-Time,2026-08-11 09:15:00,0,0,0,None,None,-1
SHP-00088,ORD-00088,LOC-CCU-01,LOC-IXC-01,VEH-1070,Standard,Pharmaceuticals,80,1696.9,2026-08-24 06:00:00,2026-08-24 06:00:00,2026-08-25 19:35:00,2026-08-25 19:35:00,Delivered,0,0,On-Time,2026-08-21 22:00:00,0,0,0,None,None,-1
SHP-00089,ORD-00089,LOC-AMD-02,LOC-BDQ-01,VEH-1415,Critical,Perishables,351,7390.0,2026-08-27 20:15:00,2026-08-27 20:25:00,2026-08-28 00:47:00,2026-08-28 00:59:00,Delivered,10,12,On-Time,2026-08-25 17:15:00,0,0,1,None,None,-1
SHP-00090,ORD-00090,LOC-DEL-02,LOC-BOM-01,VEH-1327,Standard,Electronics,202,4249.6,2026-08-03 16:15:00,2026-08-03 16:21:00,2026-08-05 01:09:00,2026-08-05 01:14:00,Delivered,6,5,On-Time,2026-08-01 12:15:00,0,0,0,None,None,-1
SHP-00091,ORD-00091,LOC-NAG-01,LOC-GUR-01,VEH-1609,Standard,Automotive Parts,30,1365.2,2026-08-23 06:45:00,2026-08-23 07:33:00,2026-08-24 06:02:00,2026-08-24 06:52:00,Delivered Late,48,50,Minor Delay,2026-08-20 02:45:00,1,0,1,Warehouse,Low,-1
SHP-00092,ORD-00092,LOC-HYD-01,LOC-JAI-02,VEH-1104,Standard,Electronics,26,707.8,2026-08-14 22:30:00,2026-08-14 22:30:00,2026-08-16 04:35:00,2026-08-16 04:35:00,Delivered,0,0,On-Time,2026-08-12 16:30:00,0,0,0,None,None,-1
SHP-00093,ORD-00093,LOC-DEL-01,LOC-AMD-01,VEH-1563,Standard,Apparel,338,8127.0,2026-08-02 16:00:00,2026-08-02 16:00:00,2026-08-03 15:10:00,2026-08-03 15:10:00,Delivered,0,0,On-Time,2026-08-01 10:00:00,0,0,0,None,None,-1
SHP-00094,ORD-00094,LOC-BLR-01,LOC-CCU-02,VEH-1211,Standard,Perishables,134,3779.8,2026-08-06 14:00:00,2026-08-06 14:00:00,2026-08-08 10:16:00,2026-08-08 10:16:00,Delivered,0,0,On-Time,2026-08-05 08:00:00,0,0,0,None,None,-1
SHP-00095,ORD-00095,LOC-BDQ-01,LOC-BLR-02,VEH-1094,Standard,Automotive Parts,209,8160.6,2026-08-06 16:45:00,2026-08-06 17:01:00,2026-08-08 00:52:00,2026-08-08 01:09:00,Delivered Late,16,17,Minor Delay,2026-08-05 07:45:00,1,0,0,Warehouse,Major,1
SHP-00096,ORD-00096,LOC-PNQ-01,LOC-STV-01,VEH-1232,Express,Automotive Parts,190,9730.1,2026-08-02 10:00:00,2026-08-02 10:03:00,2026-08-02 18:48:00,2026-08-02 19:13:00,Delivered Late,3,25,Minor Delay,2026-07-30 03:00:00,1,0,0,Operational,Low,-1
SHP-00097,ORD-00097,LOC-AMD-02,LOC-MAA-02,VEH-1233,Standard,Apparel,398,15522.8,2026-08-27 22:45:00,2026-08-27 22:45:00,2026-08-29 22:25:00,2026-08-29 22:25:00,Delivered,0,0,On-Time,2026-08-24 13:45:00,0,0,0,None,None,-1
SHP-00098,ORD-00098,LOC-AMD-01,LOC-BDQ-01,VEH-1081,Standard,Automotive Parts,30,1800.8,2026-08-02 22:15:00,2026-08-02 22:15:00,2026-08-03 02:02:00,2026-08-03 02:02:00,Delivered,0,0,On-Time,2026-07-31 18:15:00,0,0,0,None,None,-1
SHP-00099,ORD-00099,LOC-JAI-02,LOC-IXC-01,VEH-1198,Express,Industrial Equipment,27,1170.9,2026-08-03 18:15:00,2026-08-03 18:15:00,2026-08-04 07:33:00,2026-08-04 07:33:00,Delivered,0,0,On-Time,2026-07-31 14:15:00,0,0,0,None,None,-1
SHP-00100,ORD-00100,LOC-LKO-02,LOC-BOM-02,VEH-1046,Express,FMCG,61,3083.1,2026-08-13 22:30:00,2026-08-13 22:50:00,2026-08-15 12:20:00,2026-08-15 12:37:00,Delivered Late,20,17,Minor Delay,2026-08-11 12:30:00,1,0,0,Transportation,Moderate,1
SHP-00101,ORD-00101,LOC-DEL-01,LOC-HYD-01,VEH-1639,Standard,FMCG,54,2252.9,2026-08-04 18:15:00,2026-08-04 18:20:00,2026-08-06 02:32:00,2026-08-06 03:30:00,Delivered Late,5,58,Minor Delay,2026-08-01 15:15:00,1,0,0,Operational,Low,-1
SHP-00102,ORD-00102,LOC-CCU-01,LOC-MAA-02,VEH-1293,Standard,Electronics,224,8312.1,2026-08-29 18:30:00,2026-08-29 19:23:00,2026-08-31 09:00:00,2026-08-31 09:49:00,Delivered Late,53,49,Minor Delay,2026-08-26 09:30:00,1,0,1,Warehouse,Low,-1
SHP-00103,ORD-00103,LOC-PNQ-01,LOC-DEL-02,VEH-1283,Standard,Pharmaceuticals,33,1820.0,2026-08-20 18:00:00,2026-08-20 18:00:00,2026-08-22 00:13:00,2026-08-22 00:13:00,Delivered,0,0,On-Time,2026-08-18 13:00:00,0,0,0,None,None,-1
SHP-00104,ORD-00104,LOC-PNQ-01,LOC-LKO-02,VEH-1021,Express,Automotive Parts,21,714.6,2026-08-10 14:45:00,2026-08-10 14:45:00,2026-08-11 19:11:00,2026-08-11 19:11:00,Delivered,0,0,On-Time,2026-08-07 11:45:00,0,0,0,None,None,-1
SHP-00105,ORD-00105,LOC-LKO-01,LOC-JAI-01,VEH-1454,Express,Automotive Parts,263,9223.2,2026-08-09 18:00:00,2026-08-09 18:43:00,2026-08-10 10:14:00,2026-08-10 10:52:00,Delivered Late,43,38,Minor Delay,2026-08-07 13:00:00,1,0,0,Documentation,Low,-1
SHP-00106,ORD-00106,LOC-AMD-02,LOC-MAA-01,VEH-1590,Standard,Perishables,554,9972.2,2026-08-17 10:00:00,2026-08-17 10:00:00,2026-08-19 01:59:00,2026-08-19 01:59:00,Delivered,0,0,On-Time,2026-08-14 00:00:00,0,0,0,None,None,-1
SHP-00107,ORD-00107,LOC-JAI-01,LOC-CCU-01,VEH-1618,Express,Electronics,21,568.7,2026-08-27 06:15:00,2026-08-27 06:35:00,2026-08-28 14:47:00,2026-08-28 15:11:00,Delivered Late,20,24,Minor Delay,2026-08-25 04:15:00,1,0,0,Transportation,Moderate,1
SHP-00108,ORD-00108,LOC-BLR-03,LOC-IXC-01,VEH-1378,Express,Automotive Parts,25,1202.6,2026-08-13 08:00:00,2026-08-13 08:00:00,2026-08-15 09:57:00,2026-08-15 09:57:00,Delivered,0,0,On-Time,2026-08-10 23:00:00,0,0,0,None,None,-1
SHP-00109,ORD-00109,LOC-BLR-01,LOC-CJB-01,VEH-1623,Standard,Perishables,232,5812.1,2026-08-27 14:00:00,2026-08-27 14:26:00,2026-08-27 22:00:00,2026-08-27 22:23:00,Delivered Late,26,23,Minor Delay,2026-08-26 06:00:00,1,0,0,Transportation,Low,-1
SHP-00110,ORD-00110,LOC-AMD-01,LOC-CJB-01,VEH-1231,Express,Pharmaceuticals,33,1056.1,2026-08-21 18:00:00,2026-08-21 18:02:00,2026-08-23 07:08:00,2026-08-23 07:34:00,Delivered Late,2,26,Minor Delay,2026-08-18 16:00:00,1,0,1,Documentation,Low,-1
SHP-00111,ORD-00111,LOC-BLR-01,LOC-JAI-02,VEH-1009,Standard,Apparel,26,1399.7,2026-08-26 14:30:00,2026-08-26 14:30:00,2026-08-28 10:31:00,2026-08-28 10:31:00,Delivered,0,0,On-Time,2026-08-24 07:30:00,0,0,0,None,None,-1
SHP-00112,ORD-00112,LOC-AMD-01,LOC-STV-01,VEH-1534,Standard,Automotive Parts,70,2808.0,2026-08-19 08:00:00,2026-08-19 09:52:00,2026-08-19 14:56:00,2026-08-19 16:44:00,Delivered Late,112,108,Moderate Delay,2026-08-16 01:00:00,1,0,0,External,Major,1
SHP-00113,ORD-00113,LOC-CCU-01,LOC-BOM-01,VEH-1111,Standard,FMCG,159,5727.6,2026-08-09 16:30:00,2026-08-09 16:30:00,2026-08-11 13:03:00,2026-08-11 13:03:00,Delivered,0,0,On-Time,2026-08-06 10:30:00,0,0,0,None,None,-1
SHP-00114,ORD-00114,LOC-JAI-01,LOC-MAA-02,VEH-1059,Standard,Pharmaceuticals,178,9475.7,2026-08-13 16:15:00,2026-08-13 16:15:00,2026-08-15 17:02:00,2026-08-15 17:02:00,Delivered,0,0,On-Time,2026-08-12 07:15:00,0,0,0,None,None,-1
SHP-00115,ORD-00115,LOC-LKO-02,LOC-AMD-02,VEH-1454,Standard,Perishables,171,8923.3,2026-08-23 12:30:00,2026-08-23 12:56:00,2026-08-24 18:17:00,2026-08-24 18:50:00,Delivered Late,26,33,Minor Delay,2026-08-20 07:30:00,1,0,0,Operational,Low,-1
SHP-00116,ORD-00116,LOC-PNQ-01,LOC-BLR-02,VEH-1175,Critical,Automotive Parts,56,2846.3,2026-08-06 14:00:00,2026-08-06 14:00:00,2026-08-07 10:55:00,2026-08-07 10:55:00,Delivered,0,0,On-Time,2026-08-05 08:00:00,0,0,0,None,None,-1
SHP-00117,ORD-00117,LOC-NAG-01,LOC-MAA-02,VEH-1344,Standard,Pharmaceuticals,237,6884.7,2026-08-12 12:30:00,2026-08-12 12:30:00,2026-08-13 16:49:00,2026-08-13 16:49:00,Delivered,0,0,On-Time,2026-08-10 05:30:00,0,0,0,None,None,-1
SHP-00118,ORD-00118,LOC-CCU-01,LOC-STV-01,VEH-1121,Standard,Industrial Equipment,256,14131.5,2026-08-19 08:45:00,2026-08-19 08:45:00,2026-08-21 13:32:00,2026-08-21 13:32:00,Delivered,0,0,On-Time,2026-08-17 22:45:00,0,0,0,None,None,-1
SHP-00119,ORD-00119,LOC-HYD-01,LOC-IDR-01,VEH-1424,Standard,Automotive Parts,17,429.3,2026-08-05 12:30:00,2026-08-05 12:30:00,2026-08-06 05:15:00,2026-08-06 05:15:00,Delivered,0,0,On-Time,2026-08-02 03:30:00,0,0,0,None,None,-1
SHP-00120,ORD-00120,LOC-BLR-01,LOC-MAA-02,VEH-1647,Critical,Electronics,260,9110.5,2026-08-21 06:00:00,2026-08-21 06:20:00,2026-08-21 16:06:00,2026-08-21 16:29:00,Delivered Late,20,23,Minor Delay,2026-08-19 01:00:00,1,1,1,Operational,Moderate,1
SHP-00121,ORD-00121,LOC-JAI-02,LOC-CCU-01,VEH-1163,Standard,Industrial Equipment,722,14450.4,2026-08-05 18:45:00,2026-08-05 19:01:00,2026-08-07 11:41:00,2026-08-07 11:55:00,Delivered Late,16,14,On-Time,2026-08-03 09:45:00,0,0,0,External,Moderate,1
SHP-00122,ORD-00122,LOC-DEL-01,LOC-NAG-01,VEH-1383,Standard,Pharmaceuticals,37,1329.8,2026-08-25 22:15:00,2026-08-25 22:15:00,2026-08-26 19:04:00,2026-08-26 19:04:00,Delivered,0,0,On-Time,2026-08-22 20:15:00,0,0,0,None,None,-1
SHP-00123,ORD-00123,LOC-AMD-01,LOC-LKO-01,VEH-1353,Standard,FMCG,32,688.7,2026-08-13 22:30:00,2026-08-13 22:32:00,2026-08-15 00:00:00,2026-08-15 00:41:00,Delivered Late,2,41,Minor Delay,2026-08-12 20:30:00,1,0,0,Operational,Low,-1
SHP-00124,ORD-00124,LOC-CCU-01,LOC-STV-01,VEH-1533,Standard,FMCG,180,6495.7,2026-08-14 10:30:00,2026-08-14 10:37:00,2026-08-16 10:55:00,2026-08-16 11:23:00,Delivered Late,7,28,Minor Delay,2026-08-12 03:30:00,1,0,0,Transportation,Low,-1
SHP-00125,ORD-00125,LOC-JAI-02,LOC-HYD-01,VEH-1032,Critical,Perishables,210,4836.5,2026-08-07 06:15:00,2026-08-07 06:15:00,2026-08-08 14:32:00,2026-08-08 14:32:00,Delivered,0,0,On-Time,2026-08-05 04:15:00,0,0,0,None,None,-1
SHP-00126,ORD-00126,LOC-CCU-01,LOC-MAA-02,VEH-1609,Critical,Apparel,24,1374.7,2026-08-04 06:00:00,2026-08-04 06:00:00,2026-08-05 17:51:00,2026-08-05 17:51:00,Delivered,0,0,On-Time,2026-08-02 22:00:00,0,0,1,None,None,-1
SHP-00127,ORD-00127,LOC-BOM-01,LOC-NAG-01,VEH-1486,Standard,Automotive Parts,257,7202.5,2026-08-23 06:30:00,2026-08-23 06:55:00,2026-08-24 01:49:00,2026-08-24 02:17:00,Delivered Late,25,28,Minor Delay,2026-08-20 03:30:00,1,0,0,Transportation,Low,-1
SHP-00128,ORD-00128,LOC-CCU-01,LOC-CCU-02,VEH-1429,Critical,Apparel,57,1209.8,2026-08-17 08:30:00,2026-08-17 08:34:00,2026-08-17 10:18:00,2026-08-17 11:09:00,Delivered Late,4,51,Minor Delay,2026-08-15 23:30:00,1,0,1,Operational,Low,-1
SHP-00129,ORD-00129,LOC-AMD-01,LOC-MAA-02,VEH-1536,Express,Automotive Parts,85,3157.0,2026-08-23 18:30:00,2026-08-23 18:30:00,2026-08-25 05:52:00,2026-08-25 05:52:00,Delivered,0,0,On-Time,2026-08-22 08:30:00,0,0,0,None,None,-1
SHP-00130,ORD-00130,LOC-AMD-01,LOC-BLR-03,VEH-1390,Express,Perishables,325,4885.4,2026-08-22 08:00:00,2026-08-22 09:16:00,2026-08-23 21:31:00,2026-08-23 22:43:00,Delivered Late,76,72,Moderate Delay,2026-08-18 23:00:00,1,0,1,Warehouse,Critical,1
SHP-00131,ORD-00131,LOC-BOM-01,LOC-MAA-02,VEH-1077,Standard,Apparel,52,1102.2,2026-08-29 14:15:00,2026-08-29 15:03:00,2026-08-30 15:58:00,2026-08-30 16:46:00,Delivered Late,48,48,Minor Delay,2026-08-27 08:15:00,1,0,0,Transportation,Low,-1
SHP-00132,ORD-00132,LOC-BOM-01,LOC-HYD-02,VEH-1041,Standard,Pharmaceuticals,540,20525.2,2026-08-26 16:45:00,2026-08-26 16:45:00,2026-08-27 12:27:00,2026-08-27 12:27:00,Delivered,0,0,On-Time,2026-08-25 13:45:00,0,0,0,None,None,-1
SHP-00133,ORD-00133,LOC-DEL-02,LOC-DEL-01,VEH-1142,Standard,Industrial Equipment,97,2430.6,2026-08-11 16:45:00,2026-08-11 16:45:00,2026-08-11 19:06:00,2026-08-11 19:06:00,Delivered,0,0,On-Time,2026-08-09 13:45:00,0,0,0,None,None,-1
SHP-00134,ORD-00134,LOC-MAA-01,LOC-JAI-02,VEH-1411,Express,Electronics,141,6218.0,2026-08-09 18:45:00,2026-08-09 18:45:00,2026-08-11 18:21:00,2026-08-11 18:59:00,Delivered Late,0,38,Minor Delay,2026-08-07 14:45:00,1,0,1,Warehouse,Low,-1
SHP-00135,ORD-00135,LOC-DEL-01,LOC-CJB-01,VEH-1107,Standard,Pharmaceuticals,101,5287.4,2026-08-16 20:15:00,2026-08-16 20:15:00,2026-08-19 06:13:00,2026-08-19 06:13:00,Delivered,0,0,On-Time,2026-08-14 13:15:00,0,0,0,None,None,-1
SHP-00136,ORD-00136,LOC-BLR-01,LOC-BDQ-01,VEH-1136,Standard,Perishables,235,10136.3,2026-08-02 08:30:00,2026-08-02 08:37:00,2026-08-03 18:50:00,2026-08-03 19:00:00,Delivered,7,10,On-Time,2026-07-31 06:30:00,0,0,0,None,None,-1
SHP-00137,ORD-00137,LOC-BLR-02,LOC-IDR-01,VEH-1591,Standard,Industrial Equipment,633,18373.2,2026-08-31 16:00:00,2026-08-31 16:00:00,2026-09-02 02:30:00,2026-09-02 02:30:00,Delivered,0,0,On-Time,2026-08-28 11:00:00,0,0,0,None,None,-1
SHP-00138,ORD-00138,LOC-HYD-01,LOC-JAI-01,VEH-1572,Express,Industrial Equipment,156,8476.8,2026-08-02 06:15:00,2026-08-02 07:10:00,2026-08-03 17:06:00,2026-08-03 18:07:00,Delivered Late,55,61,Moderate Delay,2026-07-30 21:15:00,1,0,1,Warehouse,Medium,-1
SHP-00139,ORD-00139,LOC-GUR-01,LOC-MAA-02,VEH-1388,Standard,Perishables,154,4936.8,2026-08-02 22:15:00,2026-08-02 22:15:00,2026-08-04 22:57:00,2026-08-04 22:57:00,Delivered,0,0,On-Time,2026-07-30 14:15:00,0,0,0,None,None,-1
SHP-00140,ORD-00140,LOC-AMD-01,LOC-GUR-01,VEH-1532,Express,Perishables,219,9442.1,2026-08-03 20:45:00,2026-08-03 20:51:00,2026-08-04 18:32:00,2026-08-04 18:40:00,Delivered,6,8,On-Time,2026-08-02 11:45:00,0,0,1,None,None,-1
SHP-00141,ORD-00141,LOC-DEL-01,LOC-NOI-01,VEH-1493,Critical,Perishables,65,3288.1,2026-08-01 08:30:00,2026-08-01 08:31:00,2026-08-01 11:11:00,2026-08-01 11:15:00,Delivered,1,4,On-Time,2026-07-28 22:30:00,0,0,1,None,None,-1
SHP-00142,ORD-00142,LOC-PNQ-01,LOC-BOM-02,VEH-1056,Standard,Automotive Parts,63,2789.9,2026-08-11 22:45:00,2026-08-11 22:45:00,2026-08-12 03:11:00,2026-08-12 03:11:00,Delivered,0,0,On-Time,2026-08-08 15:45:00,0,0,0,None,None,-1
SHP-00143,ORD-00143,LOC-NOI-01,LOC-MAA-02,VEH-1228,Express,FMCG,10,377.2,2026-08-27 14:30:00,2026-08-27 14:30:00,2026-08-29 10:12:00,2026-08-29 10:12:00,Delivered,0,0,On-Time,2026-08-26 12:30:00,0,0,0,None,None,-1
SHP-00144,ORD-00144,LOC-BDQ-01,LOC-JAI-01,VEH-1420,Standard,Industrial Equipment,59,3216.6,2026-08-07 12:00:00,2026-08-07 14:33:00,2026-08-08 05:51:00,2026-08-08 08:29:00,Delivered Late,153,158,Moderate Delay,2026-08-05 07:00:00,1,0,1,Warehouse,Critical,1
SHP-00145,ORD-00145,LOC-AMD-01,LOC-BLR-03,VEH-1111,Express,Automotive Parts,445,7572.9,2026-08-30 08:45:00,2026-08-30 08:45:00,2026-08-31 19:31:00,2026-08-31 19:31:00,Delivered,0,0,On-Time,2026-08-26 22:45:00,0,0,1,None,None,-1
SHP-00146,ORD-00146,LOC-PNQ-01,LOC-DEL-01,VEH-1050,Standard,Apparel,22,931.0,2026-08-27 20:15:00,2026-08-27 20:15:00,2026-08-29 03:00:00,2026-08-29 03:00:00,Delivered,0,0,On-Time,2026-08-24 16:15:00,0,0,0,None,None,-1
SHP-00147,ORD-00147,LOC-JAI-01,LOC-NOI-01,VEH-1388,Express,Perishables,180,7053.0,2026-08-14 12:30:00,2026-08-14 12:36:00,2026-08-14 20:25:00,2026-08-14 20:58:00,Delivered Late,6,33,Minor Delay,2026-08-12 06:30:00,1,0,0,Documentation,Low,-1
SHP-00148,ORD-00148,LOC-BLR-01,LOC-JAI-01,VEH-1589,Express,Perishables,91,5403.3,2026-08-18 16:15:00,2026-08-18 18:10:00,2026-08-20 11:53:00,2026-08-20 13:43:00,Delivered Late,115,110,Moderate Delay,2026-08-17 10:15:00,1,1,1,Documentation,Moderate,0
SHP-00149,ORD-00149,LOC-BLR-01,LOC-BLR-03,VEH-1183,Critical,FMCG,248,14690.2,2026-08-21 16:00:00,2026-08-21 16:50:00,2026-08-21 19:05:00,2026-08-21 20:01:00,Delivered Late,50,56,Minor Delay,2026-08-19 06:00:00,1,0,1,Warehouse,Moderate,1
SHP-00150,ORD-00150,LOC-HYD-01,LOC-BLR-02,VEH-1547,Express,FMCG,105,4415.7,2026-08-26 06:00:00,2026-08-26 06:05:00,2026-08-26 20:57:00,2026-08-26 21:34:00,Delivered Late,5,37,Minor Delay,2026-08-24 02:00:00,1,0,0,Operational,Low,-1
SHP-00151,ORD-00151,LOC-DEL-01,LOC-IXC-01,VEH-1165,Standard,Automotive Parts,156,9089.7,2026-08-09 10:00:00,2026-08-09 10:00:00,2026-08-09 18:53:00,2026-08-09 18:53:00,Delivered,0,0,On-Time,2026-08-07 05:00:00,0,0,0,None,None,-1
SHP-00152,ORD-00152,LOC-DEL-02,LOC-PNQ-01,VEH-1464,Express,Industrial Equipment,19,1115.3,2026-08-24 22:15:00,2026-08-24 23:11:00,2026-08-26 04:16:00,2026-08-26 05:10:00,Delivered Late,56,54,Minor Delay,2026-08-21 12:15:00,1,0,1,Warehouse,Moderate,1
SHP-00153,ORD-00153,LOC-JAI-01,LOC-HYD-01,VEH-1295,Express,Industrial Equipment,59,1071.4,2026-08-30 18:45:00,2026-08-30 18:45:00,2026-08-31 23:09:00,2026-08-31 23:09:00,Delivered,0,0,On-Time,2026-08-27 11:45:00,0,0,0,None,None,-1
SHP-00154,ORD-00154,LOC-DEL-02,LOC-DEL-01,VEH-1258,Standard,FMCG,13,579.1,2026-08-27 12:30:00,2026-08-27 12:31:00,2026-08-27 15:00:00,2026-08-27 15:26:00,Delivered Late,1,26,Minor Delay,2026-08-24 02:30:00,1,0,0,Warehouse,Low,-1
SHP-00155,ORD-00155,LOC-IXC-01,LOC-MAA-02,VEH-1199,Standard,FMCG,429,11177.5,2026-08-22 08:15:00,2026-08-22 08:31:00,2026-08-24 21:43:00,2026-08-24 22:05:00,Delivered Late,16,22,Minor Delay,2026-08-18 22:15:00,1,0,0,Documentation,Moderate,2
SHP-00156,ORD-00156,LOC-DEL-01,LOC-AMD-02,VEH-1134,Critical,Automotive Parts,115,3578.2,2026-08-01 16:45:00,2026-08-01 19:15:00,2026-08-02 15:50:00,2026-08-02 18:22:00,Delivered Late,150,152,Moderate Delay,2026-07-31 14:45:00,1,1,1,Documentation,Major,0
SHP-00157,ORD-00157,LOC-MAA-01,LOC-CCU-02,VEH-1641,Express,Electronics,116,6624.6,2026-08-10 20:30:00,2026-08-10 20:30:00,2026-08-12 11:28:00,2026-08-12 11:28:00,Delivered,0,0,On-Time,2026-08-07 13:30:00,0,0,0,None,None,-1
SHP-00158,ORD-00158,LOC-BLR-01,LOC-IDR-01,VEH-1518,Express,Electronics,10,535.2,2026-08-18 18:00:00,2026-08-18 18:00:00,2026-08-19 22:34:00,2026-08-19 22:34:00,Delivered,0,0,On-Time,2026-08-17 13:00:00,0,0,0,None,None,-1
SHP-00159,ORD-00159,LOC-MAA-01,LOC-PNQ-01,VEH-1224,Standard,Automotive Parts,410,22167.7,2026-08-17 20:00:00,2026-08-17 20:00:00,2026-08-19 02:49:00,2026-08-19 02:49:00,Delivered,0,0,On-Time,2026-08-14 13:00:00,0,0,0,None,None,-1
SHP-00160,ORD-00160,LOC-AMD-01,LOC-DEL-02,VEH-1329,Express,FMCG,80,1769.3,2026-08-13 14:30:00,2026-08-13 14:53:00,2026-08-14 11:31:00,2026-08-14 11:58:00,Delivered Late,23,27,Minor Delay,2026-08-10 07:30:00,1,0,0,Transportation,Low,-1
SHP-00161,ORD-00161,LOC-JAI-01,LOC-STV-01,VEH-1044,Standard,Perishables,96,5383.3,2026-08-07 16:00:00,2026-08-07 16:04:00,2026-08-08 13:33:00,2026-08-08 13:57:00,Delivered Late,4,24,Minor Delay,2026-08-06 12:00:00,1,0,0,Documentation,Low,-1
SHP-00162,ORD-00162,LOC-MAA-02,LOC-NAG-01,VEH-1008,Express,Apparel,83,2345.2,2026-08-22 12:45:00,2026-08-22 12:51:00,2026-08-23 12:32:00,2026-08-23 13:18:00,Delivered Late,6,46,Minor Delay,2026-08-21 07:45:00,1,0,0,Warehouse,Low,-1
SHP-00163,ORD-00163,LOC-HYD-01,LOC-BLR-01,VEH-1074,Standard,Industrial Equipment,312,7504.2,2026-08-01 20:30:00,2026-08-01 20:36:00,2026-08-02 10:46:00,2026-08-02 10:54:00,Delivered,6,8,On-Time,2026-07-31 17:30:00,0,0,0,None,None,-1
SHP-00164,ORD-00164,LOC-CCU-01,LOC-NAG-01,VEH-1589,Express,Electronics,309,9605.8,2026-08-14 18:45:00,2026-08-14 18:45:00,2026-08-15 23:03:00,2026-08-15 23:03:00,Delivered,0,0,On-Time,2026-08-12 10:45:00,0,0,0,None,None,-1
SHP-00165,ORD-00165,LOC-HYD-01,LOC-BLR-02,VEH-1634,Critical,Electronics,19,1023.3,2026-08-02 08:30:00,2026-08-02 08:31:00,2026-08-02 23:11:00,2026-08-02 23:38:00,Delivered Late,1,27,Minor Delay,2026-07-30 05:30:00,1,0,1,Transportation,Low,-1
SHP-00166,ORD-00166,LOC-CCU-01,LOC-CCU-02,VEH-1289,Standard,Electronics,26,1144.1,2026-08-13 18:00:00,2026-08-13 18:09:00,2026-08-13 20:08:00,2026-08-13 20:19:00,Delivered,9,11,On-Time,2026-08-12 08:00:00,0,0,0,None,None,-1
SHP-00167,ORD-00167,LOC-HYD-01,LOC-CJB-01,VEH-1178,Critical,Apparel,12,674.5,2026-08-12 06:15:00,2026-08-12 06:38:00,2026-08-12 23:54:00,2026-08-13 00:16:00,Delivered Late,23,22,Minor Delay,2026-08-11 04:15:00,1,1,1,Transportation,Major,2
SHP-00168,ORD-00168,LOC-HYD-01,LOC-NAG-01,VEH-1088,Standard,Apparel,122,4541.4,2026-08-07 18:15:00,2026-08-07 18:15:00,2026-08-08 07:04:00,2026-08-08 07:04:00,Delivered,0,0,On-Time,2026-08-06 13:15:00,0,0,0,None,None,-1
SHP-00169,ORD-00169,LOC-CCU-01,LOC-IXC-01,VEH-1186,Express,Electronics,20,1049.3,2026-08-28 06:45:00,2026-08-28 06:51:00,2026-08-29 19:06:00,2026-08-29 19:15:00,Delivered,6,9,On-Time,2026-08-25 03:45:00,0,0,0,None,None,-1
SHP-00170,ORD-00170,LOC-BOM-01,LOC-LKO-02,VEH-1203,Express,Electronics,56,2576.5,2026-08-31 16:30:00,2026-08-31 16:32:00,2026-09-02 00:50:00,2026-09-02 01:22:00,Delivered Late,2,32,Minor Delay,2026-08-28 11:30:00,1,0,1,Documentation,Low,-1
SHP-00171,ORD-00171,LOC-BOM-01,LOC-IXC-01,VEH-1498,Standard,Automotive Parts,35,1931.8,2026-08-22 14:15:00,2026-08-22 14:15:00,2026-08-24 01:47:00,2026-08-24 01:47:00,Delivered,0,0,On-Time,2026-08-19 07:15:00,0,0,0,None,None,-1
SHP-00172,ORD-00172,LOC-AMD-02,LOC-JAI-02,VEH-1321,Express,Electronics,21,622.4,2026-08-23 18:30:00,2026-08-23 18:46:00,2026-08-24 10:39:00,2026-08-24 10:54:00,Delivered Late,16,15,On-Time,2026-08-21 14:30:00,0,0,0,Transportation,Moderate,2
SHP-00173,ORD-00173,LOC-MAA-01,LOC-BDQ-01,VEH-1541,Express,Perishables,173,5884.3,2026-08-16 22:00:00,2026-08-16 23:11:00,2026-08-18 12:06:00,2026-08-18 13:18:00,Delivered Late,71,72,Moderate Delay,2026-08-13 19:00:00,1,1,1,Documentation,Moderate,0
SHP-00174,ORD-00174,LOC-CJB-01,LOC-HYD-02,VEH-1552,Standard,Pharmaceuticals,173,9540.2,2026-08-03 08:00:00,2026-08-03 08:00:00,2026-08-04 10:27:00,2026-08-04 10:27:00,Delivered,0,0,On-Time,2026-07-31 06:00:00,0,0,0,None,None,-1
SHP-00175,ORD-00175,LOC-CCU-01,LOC-AMD-01,VEH-1605,Standard,Industrial Equipment,80,1373.9,2026-08-18 14:45:00,2026-08-18 14:45:00,2026-08-20 09:31:00,2026-08-20 09:31:00,Delivered,0,0,On-Time,2026-08-17 07:45:00,0,0,0,None,None,-1
SHP-00176,ORD-00176,LOC-CCU-01,LOC-JAI-01,VEH-1584,Express,Perishables,177,7103.7,2026-08-12 22:00:00,2026-08-12 23:37:00,2026-08-14 12:55:00,2026-08-14 14:32:00,Delivered Late,97,97,Moderate Delay,2026-08-11 18:00:00,1,1,1,Transportation,Moderate,0
SHP-00177,ORD-00177,LOC-JAI-01,LOC-STV-01,VEH-1184,Express,Pharmaceuticals,308,15736.5,2026-08-22 10:45:00,2026-08-22 12:25:00,2026-08-23 12:05:00,2026-08-23 13:45:00,Delivered Late,100,100,Moderate Delay,2026-08-20 08:45:00,1,1,1,Warehouse,Moderate,0
SHP-00178,ORD-00178,LOC-PNQ-01,LOC-LKO-01,VEH-1271,Express,Electronics,731,12438.0,2026-08-22 12:30:00,2026-08-22 12:30:00,2026-08-24 03:47:00,2026-08-24 03:47:00,Delivered,0,0,On-Time,2026-08-20 03:30:00,0,0,0,None,None,-1
SHP-00179,ORD-00179,LOC-DEL-02,LOC-BLR-01,VEH-1106,Express,Automotive Parts,150,7215.0,2026-08-21 14:30:00,2026-08-21 14:30:00,2026-08-23 14:33:00,2026-08-23 14:33:00,Delivered,0,0,On-Time,2026-08-18 10:30:00,0,0,1,None,None,-1
SHP-00180,ORD-00180,LOC-HYD-01,LOC-PNQ-01,VEH-1080,Standard,Apparel,53,2086.6,2026-08-30 12:45:00,2026-08-30 12:45:00,2026-08-31 03:26:00,2026-08-31 03:26:00,Delivered,0,0,On-Time,2026-08-28 03:45:00,0,0,0,None,None,-1
SHP-00181,ORD-00181,LOC-CCU-02,LOC-DEL-01,VEH-1143,Express,Apparel,187,5447.3,2026-08-03 22:30:00,2026-08-04 01:19:00,2026-08-05 13:40:00,2026-08-05 16:37:00,Delivered Late,169,177,Moderate Delay,2026-08-02 18:30:00,1,1,1,Operational,Major,0
SHP-00182,ORD-00182,LOC-BOM-01,LOC-BLR-02,VEH-1425,Standard,Pharmaceuticals,360,7934.9,2026-08-16 20:45:00,2026-08-16 20:45:00,2026-08-17 23:06:00,2026-08-17 23:06:00,Delivered,0,0,On-Time,2026-08-13 16:45:00,0,0,0,None,None,-1
SHP-00183,ORD-00183,LOC-HYD-01,LOC-DEL-01,VEH-1045,Standard,Pharmaceuticals,161,8392.1,2026-08-06 10:00:00,2026-08-06 10:00:00,2026-08-08 04:16:00,2026-08-08 04:16:00,Delivered,0,0,On-Time,2026-08-03 06:00:00,0,0,0,None,None,-1
SHP-00184,ORD-00184,LOC-CCU-01,LOC-JAI-02,VEH-1416,Standard,Apparel,44,2280.5,2026-08-21 06:30:00,2026-08-21 06:30:00,2026-08-22 19:09:00,2026-08-22 19:09:00,Delivered,0,0,On-Time,2026-08-20 01:30:00,0,0,0,None,None,-1
SHP-00185,ORD-00185,LOC-PNQ-01,LOC-CJB-01,VEH-1190,Standard,Perishables,116,4763.7,2026-08-20 10:15:00,2026-08-20 12:59:00,2026-08-21 13:27:00,2026-08-21 16:12:00,Delivered Late,164,165,Moderate Delay,2026-08-17 00:15:00,1,0,1,Transportation,Critical,1
SHP-00186,ORD-00186,LOC-MAA-01,LOC-STV-01,VEH-1605,Standard,Apparel,26,1036.4,2026-08-13 10:00:00,2026-08-13 10:00:00,2026-08-14 16:42:00,2026-08-14 16:42:00,Delivered,0,0,On-Time,2026-08-12 00:00:00,0,0,0,None,None,-1
SHP-00187,ORD-00187,LOC-IDR-01,LOC-BLR-02,VEH-1155,Standard,Perishables,302,7868.3,2026-08-16 06:00:00,2026-08-16 07:19:00,2026-08-17 14:01:00,2026-08-17 15:25:00,Delivered Late,79,84,Moderate Delay,2026-08-14 02:00:00,1,1,1,Warehouse,Major,1
SHP-00188,ORD-00188,LOC-NAG-01,LOC-HYD-02,VEH-1442,Express,Electronics,23,899.7,2026-08-28 06:45:00,2026-08-28 07:01:00,2026-08-28 17:45:00,2026-08-28 18:11:00,Delivered Late,16,26,Minor Delay,2026-08-25 22:45:00,1,1,1,Transportation,Moderate,2
SHP-00189,ORD-00189,LOC-BOM-01,LOC-AMD-02,VEH-1261,Standard,Pharmaceuticals,196,5696.8,2026-08-30 08:30:00,2026-08-30 08:30:00,2026-08-30 21:15:00,2026-08-30 21:15:00,Delivered,0,0,On-Time,2026-08-27 00:30:00,0,0,0,None,None,-1
SHP-00190,ORD-00190,LOC-DEL-01,LOC-BLR-03,VEH-1008,Standard,FMCG,101,2230.4,2026-08-17 06:45:00,2026-08-17 06:46:00,2026-08-19 03:40:00,2026-08-19 04:26:00,Delivered Late,1,46,Minor Delay,2026-08-15 23:45:00,1,0,0,Operational,Low,-1
SHP-00191,ORD-00191,LOC-BOM-01,LOC-JAI-01,VEH-1280,Standard,Perishables,104,5100.9,2026-08-14 16:30:00,2026-08-14 18:59:00,2026-08-15 17:55:00,2026-08-15 20:31:00,Delivered Late,149,156,Moderate Delay,2026-08-12 11:30:00,1,0,1,Warehouse,Critical,1
SHP-00292,ORD-00292,LOC-IXC-01,LOC-BOM-02,VEH-1548,Critical,Industrial Equipment,177,3023.4,2026-08-21 10:45:00,2026-08-21 12:38:00,2026-08-22 22:40:00,2026-08-23 00:34:00,Delivered Late,113,114,Moderate Delay,2026-08-18 01:45:00,1,1,1,Operational,Moderate,0
SHP-00491,ORD-00491,LOC-AMD-01,LOC-STV-01,VEH-1039,Standard,Perishables,180,9001.8,2026-08-12 08:45:00,2026-08-12 09:17:00,2026-08-12 15:33:00,2026-08-12 16:03:00,Delivered Late,32,30,Minor Delay,2026-08-11 01:45:00,1,1,0,Operational,Moderate,1
SHP-00558,ORD-00558,LOC-AMD-02,LOC-MAA-02,VEH-1125,Standard,Apparel,1206,22921.5,2026-08-25 08:30:00,2026-08-25 08:46:00,2026-08-27 06:42:00,2026-08-27 07:01:00,Delivered Late,16,19,Minor Delay,2026-08-23 04:30:00,1,0,0,Transportation,Critical,2
SHP-00799,ORD-00799,LOC-CCU-02,LOC-MAA-02,VEH-1269,Express,Automotive Parts,381,19821.6,2026-08-07 06:30:00,2026-08-07 09:45:00,2026-08-09 05:31:00,2026-08-09 08:51:00,Delivered Late,195,200,Severe Delay,2026-08-03 22:30:00,1,1,1,Transportation,Major,0
SHP-00871,ORD-00871,LOC-BOM-01,LOC-CCU-01,VEH-1094,Express,Perishables,196,3934.7,2026-08-06 08:15:00,2026-08-06 12:36:00,2026-08-08 05:42:00,2026-08-08 10:12:00,Delivered Late,261,270,Severe Delay,2026-08-03 06:15:00,1,1,1,Transportation,Critical,0
SHP-01663,ORD-01663,LOC-BOM-02,LOC-DEL-02,VEH-1602,Standard,Apparel,59,953.0,2026-08-23 06:00:00,2026-08-23 06:16:00,2026-08-24 11:14:00,2026-08-24 11:31:00,Delivered Late,16,17,Minor Delay,2026-08-19 20:00:00,1,0,0,Operational,Moderate,1
SHP-01973,ORD-01973,LOC-BLR-01,LOC-AMD-01,VEH-1371,Express,Industrial Equipment,156,8005.4,2026-08-10 18:00:00,2026-08-10 19:29:00,2026-08-12 07:26:00,2026-08-12 08:54:00,Delivered Late,89,88,Moderate Delay,2026-08-08 14:00:00,1,1,1,Operational,Moderate,0
SHP-02434,ORD-02434,LOC-MAA-01,LOC-JAI-01,VEH-1233,Standard,Pharmaceuticals,354,18059.3,2026-08-15 06:30:00,2026-08-15 09:26:00,2026-08-17 14:11:00,2026-08-17 17:05:00,Delivered Late,176,174,Moderate Delay,2026-08-12 01:30:00,1,1,1,Transportation,Major,0
SHP-02658,ORD-02658,LOC-IDR-01,LOC-BDQ-01,VEH-1385,Standard,Electronics,41,1212.2,2026-08-08 16:45:00,2026-08-08 17:05:00,2026-08-09 01:27:00,2026-08-09 01:45:00,Delivered Late,20,18,Minor Delay,2026-08-05 14:45:00,1,1,0,Operational,Moderate,1
SHP-02667,ORD-02667,LOC-DEL-01,LOC-IDR-01,VEH-1561,Standard,FMCG,478,8620.1,2026-08-07 16:15:00,2026-08-07 18:02:00,2026-08-08 14:42:00,2026-08-08 16:29:00,Delivered Late,107,107,Moderate Delay,2026-08-04 13:15:00,1,1,0,Operational,Moderate,0
SHP-02686,ORD-02686,LOC-DEL-01,LOC-HYD-01,VEH-1068,Critical,Electronics,602,10845.3,2026-08-18 18:15:00,2026-08-18 19:39:00,2026-08-20 10:43:00,2026-08-20 12:11:00,Delivered Late,84,88,Moderate Delay,2026-08-17 13:15:00,1,1,1,Operational,Moderate,0
SHP-02997,ORD-02997,LOC-HYD-01,LOC-BLR-03,VEH-1147,Standard,Perishables,306,9180.3,2026-08-18 06:30:00,2026-08-18 07:16:00,2026-08-18 22:36:00,2026-08-18 23:19:00,Delivered Late,46,43,Minor Delay,2026-08-14 23:30:00,1,0,0,Operational,Moderate,2
SHP-03354,ORD-03354,LOC-CCU-01,LOC-JAI-02,VEH-1528,Express,Apparel,187,10103.1,2026-08-08 06:15:00,2026-08-08 10:30:00,2026-08-10 01:27:00,2026-08-10 05:44:00,Delivered Late,255,257,Severe Delay,2026-08-06 01:15:00,1,1,1,Transportation,Critical,1
SHP-03377,ORD-03377,LOC-BLR-01,LOC-STV-01,VEH-1480,Standard,Apparel,11,478.1,2026-08-07 16:00:00,2026-08-07 18:55:00,2026-08-08 16:44:00,2026-08-08 19:40:00,Delivered Late,175,176,Moderate Delay,2026-08-05 12:00:00,1,1,1,Warehouse,Major,0
SHP-03399,ORD-03399,LOC-AMD-01,LOC-BOM-01,VEH-1026,Standard,FMCG,702,11943.6,2026-08-18 08:00:00,2026-08-18 10:10:00,2026-08-18 22:18:00,2026-08-19 00:38:00,Delivered Late,130,140,Moderate Delay,2026-08-16 03:00:00,1,0,1,Warehouse,Critical,1
SHP-03490,ORD-03490,LOC-NOI-01,LOC-BOM-01,VEH-1588,Standard,FMCG,182,3643.3,2026-08-08 20:00:00,2026-08-08 21:41:00,2026-08-10 06:30:00,2026-08-10 08:15:00,Delivered Late,101,105,Moderate Delay,2026-08-07 18:00:00,1,1,1,Documentation,Moderate,0
SHP-03566,ORD-03566,LOC-BDQ-01,LOC-CCU-01,VEH-1431,Express,Perishables,254,10678.3,2026-08-09 06:00:00,2026-08-09 06:16:00,2026-08-11 05:26:00,2026-08-11 05:37:00,Delivered Late,16,11,On-Time,2026-08-06 03:00:00,0,0,0,Operational,Moderate,2
SHP-03945,ORD-03945,LOC-AMD-01,LOC-BOM-02,VEH-1040,Express,Apparel,48,2624.1,2026-08-10 06:30:00,2026-08-10 07:31:00,2026-08-10 19:23:00,2026-08-10 20:26:00,Delivered Late,61,63,Moderate Delay,2026-08-08 00:30:00,1,0,1,Warehouse,Moderate,1
SHP-04120,ORD-04120,LOC-AMD-01,LOC-JAI-01,VEH-1059,Standard,Perishables,185,5371.3,2026-08-10 06:15:00,2026-08-10 07:03:00,2026-08-11 00:08:00,2026-08-11 00:56:00,Delivered Late,48,48,Minor Delay,2026-08-08 23:15:00,1,0,0,Warehouse,Moderate,1
SHP-04330,ORD-04330,LOC-CJB-01,LOC-LKO-02,VEH-1217,Standard,Industrial Equipment,75,4128.8,2026-08-21 22:15:00,2026-08-21 23:51:00,2026-08-23 23:43:00,2026-08-24 01:21:00,Delivered Late,96,98,Moderate Delay,2026-08-19 19:15:00,1,0,0,Transportation,Major,2
SHP-04724,ORD-04724,LOC-HYD-01,LOC-IDR-01,VEH-1162,Standard,Pharmaceuticals,204,9003.6,2026-08-19 16:45:00,2026-08-19 20:01:00,2026-08-20 11:33:00,2026-08-20 14:56:00,Delivered Late,196,203,Severe Delay,2026-08-17 13:45:00,1,1,1,Transportation,Major,0
SHP-04927,ORD-04927,LOC-JAI-02,LOC-AMD-02,VEH-1035,Standard,Industrial Equipment,24,608.2,2026-08-10 06:00:00,2026-08-10 06:16:00,2026-08-10 20:49:00,2026-08-10 21:00:00,Delivered Late,16,11,On-Time,2026-08-06 21:00:00,0,0,0,Transportation,Critical,2
SHP-04986,ORD-04986,LOC-AMD-01,LOC-CCU-01,VEH-1611,Standard,Automotive Parts,444,22245.8,2026-08-19 08:30:00,2026-08-19 09:54:00,2026-08-21 12:19:00,2026-08-21 13:47:00,Delivered Late,84,88,Moderate Delay,2026-08-18 05:30:00,1,0,0,External,Major,1
SHP-05562,ORD-05562,LOC-BOM-01,LOC-BOM-02,VEH-1350,Critical,FMCG,33,1064.6,2026-08-10 12:00:00,2026-08-10 13:46:00,2026-08-10 13:57:00,2026-08-10 15:47:00,Delivered Late,106,110,Moderate Delay,2026-08-09 07:00:00,1,1,1,External,Moderate,0
SHP-05712,ORD-05712,LOC-JAI-01,LOC-AMD-01,VEH-1600,Express,Perishables,418,8792.2,2026-08-09 06:15:00,2026-08-09 07:45:00,2026-08-09 23:30:00,2026-08-10 01:00:00,Delivered Late,90,90,Moderate Delay,2026-08-06 20:15:00,1,1,1,Transportation,Moderate,0
SHP-05881,ORD-05881,LOC-AMD-01,LOC-CCU-02,VEH-1469,Standard,Pharmaceuticals,34,696.2,2026-08-25 12:45:00,2026-08-25 13:21:00,2026-08-27 06:01:00,2026-08-27 06:35:00,Delivered Late,36,34,Minor Delay,2026-08-23 05:45:00,1,1,0,Warehouse,Major,2
SHP-06393,ORD-06393,LOC-JAI-01,LOC-IDR-01,VEH-1265,Standard,Apparel,20,1049.4,2026-08-16 22:30:00,2026-08-17 00:24:00,2026-08-17 11:27:00,2026-08-17 13:25:00,Delivered Late,114,118,Moderate Delay,2026-08-13 13:30:00,1,1,0,Operational,Moderate,0
SHP-06422,ORD-06422,LOC-DEL-02,LOC-BLR-03,VEH-1573,Critical,Industrial Equipment,70,2116.0,2026-08-26 06:15:00,2026-08-26 06:31:00,2026-08-28 04:48:00,2026-08-28 04:59:00,Delivered Late,16,11,On-Time,2026-08-22 22:15:00,0,0,1,Documentation,Major,1
SHP-06573,ORD-06573,LOC-BLR-01,LOC-BOM-02,VEH-1022,Critical,Apparel,10,634.4,2026-08-22 06:00:00,2026-08-22 06:20:00,2026-08-23 02:07:00,2026-08-23 02:26:00,Delivered Late,20,19,Minor Delay,2026-08-20 23:00:00,1,1,1,Transportation,Major,1
SHP-06674,ORD-06674,LOC-JAI-02,LOC-AMD-01,VEH-1139,Critical,Perishables,128,4501.2,2026-08-18 14:00:00,2026-08-18 17:05:00,2026-08-19 06:27:00,2026-08-19 09:34:00,Delivered Late,185,187,Severe Delay,2026-08-16 06:00:00,1,1,1,External,Major,0
SHP-06805,ORD-06805,LOC-DEL-01,LOC-AMD-01,VEH-1302,Express,Pharmaceuticals,20,913.7,2026-08-17 10:00:00,2026-08-17 13:57:00,2026-08-18 07:09:00,2026-08-18 11:15:00,Delivered Late,237,246,Severe Delay,2026-08-16 00:00:00,1,1,1,External,Critical,0
SHP-06857,ORD-06857,LOC-DEL-01,LOC-MAA-02,VEH-1214,Express,Pharmaceuticals,203,7138.1,2026-08-21 06:00:00,2026-08-21 10:39:00,2026-08-23 09:03:00,2026-08-23 13:45:00,Delivered Late,279,282,Severe Delay,2026-08-20 02:00:00,1,1,1,Transportation,Critical,0
SHP-08184,ORD-08184,LOC-MAA-02,LOC-AMD-02,VEH-1116,Express,Automotive Parts,339,10532.3,2026-08-23 10:30:00,2026-08-23 14:06:00,2026-08-25 02:02:00,2026-08-25 05:44:00,Delivered Late,216,222,Severe Delay,2026-08-22 08:30:00,1,1,1,Transportation,Critical,1
SHP-08230,ORD-08230,LOC-STV-01,LOC-MAA-01,VEH-1396,Critical,FMCG,61,1037.7,2026-08-12 18:00:00,2026-08-12 18:16:00,2026-08-14 00:37:00,2026-08-14 00:55:00,Delivered Late,16,18,Minor Delay,2026-08-11 16:00:00,1,0,1,Operational,Moderate,2
SHP-08260,ORD-08260,LOC-DEL-01,LOC-AMD-01,VEH-1301,Standard,Industrial Equipment,15,822.9,2026-08-24 16:00:00,2026-08-24 17:20:00,2026-08-25 11:46:00,2026-08-25 13:10:00,Delivered Late,80,84,Moderate Delay,2026-08-21 06:00:00,1,1,0,Warehouse,Major,1
SHP-08402,ORD-08402,LOC-AMD-01,LOC-MAA-01,VEH-1344,Standard,Industrial Equipment,283,8217.9,2026-08-18 10:00:00,2026-08-18 11:49:00,2026-08-20 05:09:00,2026-08-20 06:56:00,Delivered Late,109,107,Moderate Delay,2026-08-15 07:00:00,1,0,1,Warehouse,Critical,1
SHP-08425,ORD-08425,LOC-MAA-02,LOC-LKO-02,VEH-1558,Standard,Industrial Equipment,180,7389.3,2026-08-09 10:00:00,2026-08-09 10:20:00,2026-08-11 08:04:00,2026-08-11 08:32:00,Delivered Late,20,28,Minor Delay,2026-08-06 00:00:00,1,0,0,Transportation,Major,1
SHP-08623,ORD-08623,LOC-BOM-01,LOC-JAI-02,VEH-1588,Express,Perishables,556,8906.6,2026-08-10 08:00:00,2026-08-10 08:33:00,2026-08-11 10:12:00,2026-08-11 10:44:00,Delivered Late,33,32,Minor Delay,2026-08-08 01:00:00,1,0,1,Transportation,Moderate,1
SHP-08660,ORD-08660,LOC-JAI-01,LOC-BLR-01,VEH-1383,Standard,Automotive Parts,30,1292.8,2026-08-20 12:45:00,2026-08-20 14:50:00,2026-08-22 01:43:00,2026-08-22 03:49:00,Delivered Late,125,126,Moderate Delay,2026-08-19 05:45:00,1,1,1,Transportation,Major,0
SHP-09674,ORD-09674,LOC-AMD-01,LOC-JAI-02,VEH-1547,Express,Electronics,57,3026.0,2026-08-08 20:15:00,2026-08-09 00:34:00,2026-08-09 14:16:00,2026-08-09 18:37:00,Delivered Late,259,261,Severe Delay,2026-08-07 17:15:00,1,1,1,External,Critical,0
SHP-09829,ORD-09829,LOC-CCU-02,LOC-IXC-01,VEH-1136,Standard,Perishables,257,4375.1,2026-08-27 08:45:00,2026-08-27 09:01:00,2026-08-29 04:59:00,2026-08-29 05:10:00,Delivered Late,16,11,On-Time,2026-08-25 06:45:00,0,0,0,Warehouse,Major,3
SHP-09913,ORD-09913,LOC-JAI-02,LOC-CJB-01,VEH-1565,Express,Apparel,113,2715.1,2026-08-09 22:00:00,2026-08-10 01:12:00,2026-08-12 00:00:00,2026-08-12 03:18:00,Delivered Late,192,198,Severe Delay,2026-08-07 15:00:00,1,0,1,Warehouse,Critical,1
SHP-09961,ORD-09961,LOC-AMD-01,LOC-BLR-01,VEH-1479,Standard,Apparel,439,8798.2,2026-08-19 08:15:00,2026-08-19 09:44:00,2026-08-20 20:25:00,2026-08-20 22:02:00,Delivered Late,89,97,Moderate Delay,2026-08-16 22:15:00,1,0,1,External,Major,1
SHP-09999,ORD-09999,LOC-STV-01,LOC-NOI-01,VEH-1480,Express,Automotive Parts,22,872.6,2026-08-08 18:45:00,2026-08-08 20:04:00,2026-08-09 18:46:00,2026-08-09 20:02:00,Delivered Late,79,76,Moderate Delay,2026-08-05 09:45:00,1,0,1,Transportation,Major,1
SHP-10024,ORD-10024,LOC-AMD-01,LOC-CJB-01,VEH-1377,Standard,Apparel,153,5837.7,2026-08-25 14:00:00,2026-08-25 14:16:00,2026-08-27 09:34:00,2026-08-27 09:49:00,Delivered Late,16,15,On-Time,2026-08-24 04:00:00,0,0,0,Warehouse,Major,2
SHP-10078,ORD-10078,LOC-AMD-01,LOC-BDQ-01,VEH-1085,Standard,Electronics,50,952.3,2026-08-10 06:00:00,2026-08-10 06:54:00,2026-08-10 09:47:00,2026-08-10 10:51:00,Delivered Late,54,64,Moderate Delay,2026-08-07 22:00:00,1,0,0,Warehouse,Moderate,1
SHP-10126,ORD-10126,LOC-BOM-02,LOC-DEL-02,VEH-1341,Standard,Apparel,143,5161.2,2026-08-10 16:15:00,2026-08-10 17:08:00,2026-08-12 04:24:00,2026-08-12 05:19:00,Delivered Late,53,55,Minor Delay,2026-08-08 06:15:00,1,0,0,Warehouse,Moderate,1
SHP-10360,ORD-10360,LOC-IDR-01,LOC-HYD-01,VEH-1559,Standard,Pharmaceuticals,12,498.0,2026-08-17 12:15:00,2026-08-17 13:46:00,2026-08-18 05:32:00,2026-08-18 06:59:00,Delivered Late,91,87,Moderate Delay,2026-08-15 05:15:00,1,1,0,Operational,Moderate,1
SHP-10559,ORD-10559,LOC-JAI-02,LOC-BLR-03,VEH-1648,Express,Perishables,169,8994.8,2026-08-09 22:30:00,2026-08-10 00:10:00,2026-08-11 22:20:00,2026-08-11 23:58:00,Delivered Late,100,98,Moderate Delay,2026-08-07 16:30:00,1,0,1,Warehouse,Critical,1
SHP-11359,ORD-11359,LOC-BOM-02,LOC-LKO-01,VEH-1355,Standard,Automotive Parts,127,3184.8,2026-08-10 18:15:00,2026-08-10 19:35:00,2026-08-12 02:41:00,2026-08-12 03:57:00,Delivered Late,80,76,Moderate Delay,2026-08-08 11:15:00,1,0,0,Warehouse,Moderate,1
SHP-11530,ORD-11530,LOC-AMD-01,LOC-IDR-01,VEH-1273,Standard,FMCG,397,5967.9,2026-08-18 08:15:00,2026-08-18 10:22:00,2026-08-18 19:05:00,2026-08-18 21:07:00,Delivered Late,127,122,Moderate Delay,2026-08-17 00:15:00,1,0,1,Warehouse,Critical,1
SHP-11910,ORD-11910,LOC-MAA-01,LOC-DEL-02,VEH-1193,Express,Apparel,447,10732.7,2026-08-23 18:15:00,2026-08-23 20:30:00,2026-08-25 22:54:00,2026-08-26 01:19:00,Delivered Late,135,145,Moderate Delay,2026-08-22 09:15:00,1,1,1,Documentation,Major,0
SHP-11913,ORD-11913,LOC-JAI-01,LOC-DEL-01,VEH-1393,Standard,Industrial Equipment,48,2358.6,2026-08-24 06:45:00,2026-08-24 08:51:00,2026-08-24 14:49:00,2026-08-24 16:56:00,Delivered Late,126,127,Moderate Delay,2026-08-22 20:45:00,1,1,1,Warehouse,Major,0
SHP-11939,ORD-11939,LOC-JAI-02,LOC-HYD-02,VEH-1388,Critical,Perishables,99,5885.3,2026-08-09 18:45:00,2026-08-09 21:24:00,2026-08-11 01:11:00,2026-08-11 03:47:00,Delivered Late,159,156,Moderate Delay,2026-08-07 09:45:00,1,0,1,Warehouse,Critical,1
SHP-12102,ORD-12102,LOC-BOM-02,LOC-NAG-01,VEH-1637,Express,Perishables,109,5891.4,2026-08-23 10:00:00,2026-08-23 10:16:00,2026-08-24 07:21:00,2026-08-24 07:37:00,Delivered Late,16,16,Minor Delay,2026-08-21 06:00:00,1,0,0,Transportation,Major,2
SHP-12169,ORD-12169,LOC-HYD-01,LOC-MAA-02,VEH-1537,Standard,Electronics,28,946.4,2026-08-20 12:00:00,2026-08-20 12:30:00,2026-08-21 02:07:00,2026-08-21 02:41:00,Delivered Late,30,34,Minor Delay,2026-08-19 09:00:00,1,0,0,Transportation,Moderate,1
SHP-12693,ORD-12693,LOC-AMD-01,LOC-JAI-02,VEH-1064,Standard,Industrial Equipment,129,7096.2,2026-08-18 08:15:00,2026-08-18 09:44:00,2026-08-19 03:14:00,2026-08-19 04:48:00,Delivered Late,89,94,Moderate Delay,2026-08-14 23:15:00,1,0,1,Warehouse,Critical,1
SHP-12985,ORD-12985,LOC-IDR-01,LOC-CJB-01,VEH-1348,Standard,FMCG,50,968.2,2026-08-20 12:30:00,2026-08-20 15:12:00,2026-08-21 20:54:00,2026-08-21 23:31:00,Delivered Late,162,157,Moderate Delay,2026-08-17 02:30:00,1,1,1,Transportation,Major,1
SHP-13151,ORD-13151,LOC-JAI-01,LOC-MAA-02,VEH-1233,Express,FMCG,12,757.3,2026-08-17 14:45:00,2026-08-17 17:34:00,2026-08-19 07:38:00,2026-08-19 10:34:00,Delivered Late,169,176,Moderate Delay,2026-08-14 04:45:00,1,0,1,Transportation,Major,1
